govTerror,longitude,latitude
govTerror,43.145785,36.325846
govTerror,69.363056,35.029167
govTerror,45.30408,2.042886
govTerror,73.83777,36.337837
govTerror,80.367085,7.483368
govTerror,91.850123,24.912089
govTerror,44.881944,13.056667
govTerror,44.52248,33.236647
govTerror,62.203101,34.341926
govTerror,36.459722,35.630833
govTerror,3.023775,15.425015
govTerror,11.754643,12.107451
govTerror,71.049777,35.221192
govTerror,70.993524,35.190189
govTerror,44.925186,31.989009
govTerror,68.98004,31.329887
govTerror,62.203101,34.341926
govTerror,43.683333,34.6
govTerror,1.784334,15.587982
govTerror,-0.026982,16.265509
govTerror,49.366111,14.776111
govTerror,69.166579,34.533498
govTerror,66.271154,35.207547
govTerror,120.320635,15.814056
govTerror,121.5318,16.6715
govTerror,68.714007,34.007712
govTerror,80.627589,20.040117
govTerror,25.272219,12.591678
govTerror,22.563177,12.683231
govTerror,124.387397,6.978004
govTerror,70.44742,34.434093
govTerror,124.166209,7.885051
govTerror,0.004826,16.300194
govTerror,12.727688,32.752053
govTerror,123.4996,9.1584
govTerror,66.99061,30.191594
govTerror,45.5771,13.988915
govTerror,62.156307,33.305667
govTerror,90.376489,23.745937
govTerror,91.249391,22.945389
govTerror,1.410173,18.440531
govTerror,90.404076,23.79392
govTerror,91.397434,23.01606
govTerror,120.939674,14.420209
govTerror,71.089311,34.927108
govTerror,70.447241,34.433798
govTerror,68.781077,33.177132
govTerror,0,0
govTerror,34.453593,31.522561
govTerror,88.267296,24.579343
govTerror,29.974054,6.60308
govTerror,68.714007,34.007712
govTerror,44.363846,33.368108
govTerror,62.218857,34.279105
govTerror,8.1,6.333346
govTerror,90.418485,23.781835
govTerror,90.418485,23.781835
govTerror,44.449247,33.31321
govTerror,44.1525,13.978889
govTerror,62.156307,33.305667
govTerror,64.469444,32.403056
govTerror,88.267296,24.579343
govTerror,44.290528,14.795403
govTerror,90.406164,23.708637
govTerror,101.570281,5.987041
govTerror,90.419609,23.782694
govTerror,96.316577,25.616616
govTerror,89.840556,23.606111
govTerror,23.735798,37.982325
govTerror,63.863831,33.69186
govTerror,5.218357,7.617529
govTerror,90.397552,23.724916
govTerror,91.85903,22.398561
govTerror,44.507795,33.25153
govTerror,13.175477,32.898594
govTerror,44.213536,15.355873
govTerror,1.410668,18.443116
govTerror,65.70216,31.612835
govTerror,44.213536,15.355873
govTerror,69.166622,34.533278
govTerror,67.122879,24.932138
govTerror,75.059298,33.733444
govTerror,45.116761,2.14269
govTerror,44.213536,15.355873
govTerror,44.213536,15.355873
govTerror,1.409545,18.442468
govTerror,44.213536,15.355873
govTerror,36.337017,50.004982
govTerror,67.485894,28.612296
govTerror,44.213536,15.355873
govTerror,16.588936,31.205314
govTerror,18.583828,4.366584
govTerror,18.583828,4.366584
govTerror,44.213536,15.355873
govTerror,44.213536,15.355873
govTerror,44.641439,33.044312
govTerror,44.373779,33.664354
govTerror,91.918658,22.374841
govTerror,88.83371,23.638729
govTerror,2.10218,15.385244
govTerror,121.062278,14.495531
govTerror,44.26214,33.537227
govTerror,90.406164,23.708637
govTerror,31.320047,30.088377
govTerror,45.340469,2.032623
govTerror,93.937002,24.82072
govTerror,31.337406,29.84845
govTerror,30.84229,29.31053
govTerror,44.363862,33.368122
govTerror,84.666795,25.561346
govTerror,13.175477,32.898594
govTerror,30.842973,29.311899
govTerror,21.741667,32.766389
govTerror,25.68,8.47
govTerror,18.583828,4.366584
govTerror,19.183512,7.000044
govTerror,90.201692,22.638738
govTerror,44.213536,15.355873
govTerror,44.213536,15.355873
govTerror,69.166622,34.533278
govTerror,121.631648,18.067695
govTerror,31.322709,30.090984
govTerror,30.843279,29.311037
govTerror,120.960947,14.733546
govTerror,29.71615,11.016768
govTerror,90.366733,23.837354
govTerror,91.571276,22.776297
govTerror,80.957336,19.894924
govTerror,76.266928,9.930648
govTerror,31.216847,30.329237
govTerror,34.453593,31.522561
govTerror,23.483333,12.9
govTerror,67.083333,24.916667
govTerror,42.254722,32.041111
govTerror,93.899901,24.825382
govTerror,120.957359,14.29937
govTerror,66.384722,36.919444
govTerror,33.803186,31.131997
govTerror,81.35,18.9
govTerror,90.412,23.725002
govTerror,91.812082,22.324617
govTerror,89.705561,24.448424
govTerror,90.783701,24.432727
govTerror,90.398919,23.739848
govTerror,45.5771,13.988915
govTerror,45.5771,13.988915
govTerror,90.408608,23.728876
govTerror,29.918828,31.200016
govTerror,81.659546,18.391379
govTerror,81.67,19.6
govTerror,63.448317,25.398026
govTerror,69.257784,34.014117
govTerror,14.262204,32.650094
govTerror,92.490571,23.929444
govTerror,11.166846,10.283553
govTerror,7.050104,4.83996
govTerror,6.923597,5.056759
govTerror,6.766478,4.756612
govTerror,33.784389,0.145259
govTerror,91.800148,22.36668
govTerror,62.318382,25.1736
govTerror,13.118048,32.874613
govTerror,44.166748,13.966641
govTerror,31.324505,30.067445
govTerror,45.033155,12.8
govTerror,90.5,23.616667
govTerror,90.392526,23.73145
govTerror,34.453632,31.52255
govTerror,47.430833,6.769711
govTerror,71.433153,33.583167
govTerror,45.366548,2.052677
govTerror,120.956667,14.6625
govTerror,90.36605,22.699901
govTerror,64.059113,26.99214
govTerror,120.957515,14.333568
govTerror,36.301388,33.525775
govTerror,78.656894,22.973423
govTerror,78.656894,22.973423
govTerror,91.826498,22.367852
govTerror,12.985509,31.446547
govTerror,29.918828,31.200016
govTerror,111.83057,2.287274
govTerror,43.262222,16.909167
govTerror,36.845237,-1.292922
govTerror,88.280444,24.598896
govTerror,23.86613,38.119756
govTerror,43.3,33.416518
govTerror,43.3,33.416518
govTerror,65.901057,32.667654
govTerror,43.242478,35.492997
govTerror,62.137955,33.307443
govTerror,91.096931,22.866707
govTerror,45.334598,2.03153
govTerror,12.616667,13.316667
govTerror,44.3275,1.448056
govTerror,70.451053,34.430428
govTerror,30.057511,31.303614
govTerror,44.773299,33.927271
govTerror,28.881703,41.005769
govTerror,29.717114,11.016492
govTerror,88.982169,24.41089
govTerror,120.486845,16.22991
govTerror,11.082491,11.707236
govTerror,44.633338,33.749926
govTerror,101.820757,6.210408
govTerror,43.13009,36.339712
govTerror,42.549952,33.849863
govTerror,69.463333,31.124167
govTerror,13.266886,32.816841
govTerror,71.146894,34.093421
govTerror,66.019902,29.555708
govTerror,65.707443,31.603521
govTerror,11.498889,10.304167
govTerror,11.166846,10.283553
govTerror,80.946166,26.846694
govTerror,6.233333,7.55
govTerror,45.340469,2.032623
govTerror,-0.036487,16.224786
govTerror,123.36171,12.170076
govTerror,44.39603,33.355106
govTerror,89.175361,23.55282
govTerror,34.453632,31.52255
govTerror,69.191445,34.533564
govTerror,31.695478,26.558523
govTerror,93.733909,25.906034
govTerror,13.004862,10.431155
govTerror,68.333865,28.868386
govTerror,22.242172,32.762628
govTerror,45.340469,2.032623
govTerror,65.956944,29.306944
govTerror,94.107633,25.67012
govTerror,44.166748,13.966641
govTerror,13.192078,32.893635
govTerror,90.403056,24.753889
govTerror,13.191347,32.883465
govTerror,16.587055,31.20561
govTerror,121.181498,16.517954
govTerror,44.213536,15.355873
govTerror,69.081001,34.529733
govTerror,44.278691,33.370243
govTerror,44.667145,33.787247
govTerror,88.751655,24.278644
govTerror,44.35676,33.247211
govTerror,44.633338,33.749926
govTerror,62.316864,34.230561
govTerror,45.340469,2.032623
govTerror,49.1825,11.284766
govTerror,69.184986,34.536036
govTerror,44.354525,33.061667
govTerror,88.837105,24.197485
govTerror,67.423257,32.499875
govTerror,70.649529,34.41808
govTerror,120.598896,18.196832
govTerror,120.641999,17.576667
govTerror,47.430833,6.769722
govTerror,65.452985,32.629449
govTerror,89.367381,24.850363
govTerror,31.2357,30.04442
govTerror,90.411162,23.727897
govTerror,67.244139,24.869619
govTerror,68.720739,34.01063
govTerror,101.099467,6.745269
govTerror,89.253996,25.74842
govTerror,47.816667,30.499692
govTerror,37.160027,36.2065
govTerror,48.3,42.05
govTerror,90.837466,22.94456
govTerror,67.009939,24.861462
govTerror,126.975643,37.572525
govTerror,120.9804,14.599
govTerror,90.837466,22.94456
govTerror,90.392482,23.753643
govTerror,100.574224,13.792816
govTerror,81.846244,25.435841
govTerror,81.076845,17.930096
govTerror,90.291389,23.56
govTerror,91.10316,22.827779
govTerror,13.175477,32.898594
govTerror,1.408422,18.438719
govTerror,43.249167,13.806944
govTerror,48.331755,15.959517
govTerror,70.916667,31.816667
govTerror,8.899702,9.53955
govTerror,62.034711,32.484306
govTerror,45.016445,12.776398
govTerror,9.093356,9.093356
govTerror,123.194732,7.535447
govTerror,62.613104,34.280914
govTerror,120.473846,16.029468
govTerror,43.65,3.116667
govTerror,41.855116,3.935639
govTerror,1.527654,15.86877
govTerror,29.892957,31.197348
govTerror,69.214639,34.004337
govTerror,89.42179,23.486648
govTerror,88.601997,24.367154
govTerror,44.204693,15.355288
govTerror,34.453593,31.522561
govTerror,44.665761,33.787562
govTerror,64.369167,31.583044
govTerror,-72.102182,-14.086628
govTerror,45.033333,12.8
govTerror,14.550089,5.883333
govTerror,123.059763,13.583886
govTerror,15.061981,4.39177
govTerror,65.417088,28.58345
govTerror,45.033333,12.8
govTerror,44.881944,13.056667
govTerror,-90.257301,29.984368
govTerror,88.583768,24.374757
govTerror,89.569266,24.319166
govTerror,44.5078,33.251506
govTerror,65.752,36.665009
govTerror,31.563543,30.718645
govTerror,44.881944,13.056667
govTerror,-75.217778,-14.021944
govTerror,-75.217778,-14.021944
govTerror,124.441667,6.865592
govTerror,46.616667,4.683333
govTerror,45.116717,2.142623
govTerror,44.122222,3.351389
govTerror,44.632899,33.750477
govTerror,62.256721,33.633989
govTerror,67.96688,32.984915
govTerror,120.969389,15.13405
govTerror,13.374803,52.520164
govTerror,44.4,33.3
govTerror,31.135947,30.122938
govTerror,34.087439,31.170078
govTerror,13.175477,32.898594
govTerror,13.11846,32.8745
govTerror,44.48659,33.321917
govTerror,73.015815,34.496522
govTerror,44.768614,1.717466
govTerror,1.408422,18.438719
govTerror,31.200845,30.055528
govTerror,139.703549,35.69384
govTerror,2.94722,50.420096
govTerror,44.883333,13.05
govTerror,44.51958,33.28
govTerror,44.936884,33.978584
govTerror,125.336637,8.968959
govTerror,120.966667,15.366667
govTerror,70.658333,32.940556
govTerror,93.385508,23.365247
govTerror,11.291944,10.910556
govTerror,11.271926,10.913944
govTerror,10.773285,10.822963
govTerror,7.510333,6.452667
govTerror,10.773285,10.822963
govTerror,7.087067,6.217015
govTerror,10.408754,10.996501
govTerror,11.335948,11.09576
govTerror,69.174589,34.523124
govTerror,67.112496,36.713743
govTerror,65.791944,29.078611
govTerror,10.532222,10.394167
govTerror,10.330143,10.271304
govTerror,7.049844,4.815554
govTerror,6.757429,6.091852
govTerror,32.62492,0.365298
govTerror,5.964841,5.636518
govTerror,28.978359,41.008238
govTerror,93.95,24.819959
govTerror,123.313767,7.451227
govTerror,45.032651,12.810493
govTerror,44.983246,12.783264
govTerror,31.013428,30.551154
govTerror,0.501686,15.659415
govTerror,31.890913,9.908906
govTerror,69.918544,33.337033
govTerror,124.482679,6.986513
govTerror,44.363851,33.368141
govTerror,49.125008,14.538182
govTerror,49.125008,14.538182
govTerror,125.399056,6.600683
govTerror,101.570559,5.989846
govTerror,68.416667,33.55
govTerror,43.698056,34.5625
govTerror,68.866277,36.72835
govTerror,-13.712222,9.509167
govTerror,101.85882,6.117331
govTerror,70.785075,34.267438
govTerror,122.701115,7.807529
govTerror,49.1825,11.284722
govTerror,-5.018889,14.138889
govTerror,1.408514,18.438978
govTerror,72.327867,34.766797
govTerror,47.429321,6.773835
govTerror,6.578339,7.561891
govTerror,124.517508,7.165741
govTerror,6.10222,5.77622
govTerror,0,0
govTerror,67.115032,36.700674
govTerror,67.197758,24.902179
govTerror,51.471283,25.303589
govTerror,3.267114,6.449744
govTerror,67.070569,24.832017
govTerror,21.428066,41.997546
govTerror,122.557615,10.727751
govTerror,68.841617,34.359425
govTerror,101.490345,6.864391
govTerror,11.27374,10.91431
govTerror,11.280403,10.910509
govTerror,10.773285,10.822963
govTerror,1.408283,18.439001
govTerror,121.972751,6.419502
govTerror,123.146464,7.747538
govTerror,124.476389,6.867985
govTerror,43.3,33.416667
govTerror,13.090425,32.862522
govTerror,101.449966,6.756299
govTerror,49.043265,14.486733
govTerror,13.192497,32.886483
govTerror,31.335283,29.849805
govTerror,101.51414,6.386993
govTerror,82.129017,18.679474
govTerror,11.268253,6.901447
govTerror,30.019955,11.940378
govTerror,30.019955,11.940378
govTerror,30.019955,11.940378
govTerror,31.303983,12.161509
govTerror,31.302778,12.164722
govTerror,31.591147,4.845406
govTerror,67.066843,24.916712
govTerror,37.096368,36.223024
govTerror,45.345713,2.037437
govTerror,126.05136,7.81999
govTerror,43.343897,33.450349
govTerror,0.501686,15.659415
govTerror,66.981385,30.138984
govTerror,30.527218,50.443231
govTerror,43.3,33.416667
govTerror,101.601758,6.716448
govTerror,80.360288,19.236662
govTerror,45.14945,33.773349
govTerror,44.341667,33.295556
govTerror,44.415818,35.416066
govTerror,101.716166,6.293523
govTerror,23.653224,13.879667
govTerror,43.3,33.416667
govTerror,43.01949,15.305307
govTerror,43.993615,36.22924
govTerror,-0.027987,16.263981
govTerror,124.437203,6.87004
govTerror,45.34496,2.037102
govTerror,68.882719,36.66599
govTerror,6.92269,4.848228
govTerror,34.453593,31.522561
govTerror,43.462072,35.272259
govTerror,13.192497,32.886483
govTerror,69.183186,34.530514
govTerror,13.204254,32.871917
govTerror,48.486364,8.403409
govTerror,-0.028208,16.264136
govTerror,13.404075,52.521038
govTerror,82.036808,18.769297
govTerror,23.03266,13.108602
govTerror,70.484301,34.454826
govTerror,62.150609,32.438021
govTerror,41.855116,3.935639
govTerror,24.285,12.509722
govTerror,29.345833,-1.482222
govTerror,1.247526,19.395022
govTerror,100.985202,6.733057
govTerror,24.883333,12.05
govTerror,69.176298,32.946178
govTerror,68.416667,33.55
govTerror,68.416667,33.55
govTerror,69.345007,33.692994
govTerror,44.363851,33.368141
govTerror,39.009361,32.740792
govTerror,45.320138,2.049184
govTerror,70.189658,34.652951
govTerror,45.289055,2.059854
govTerror,45.347699,2.038497
govTerror,120.617308,18.332644
govTerror,23.736655,37.986472
govTerror,70.879786,37.005424
govTerror,69.916395,33.339385
govTerror,-7.326649,55.003344
govTerror,65.72564,31.619192
govTerror,101.508209,6.211069
govTerror,44.21901,33.512586
govTerror,47.427317,6.773224
govTerror,-3.002562,16.766589
govTerror,69.128121,34.447937
govTerror,40.055765,1.74741
govTerror,0,0
govTerror,70.780064,34.267417
govTerror,23.191802,11.291012
govTerror,69.526124,33.688122
govTerror,71.724722,34.237222
govTerror,122.587747,7.782253
govTerror,36.956509,-7.703889
govTerror,71.338333,34.744167
govTerror,44.330751,33.333366
govTerror,41.410833,2.655833
govTerror,68.950979,33.969093
govTerror,90.333333,25.5
govTerror,64.57,31.820833
govTerror,123.222222,8.745833
govTerror,69.166667,34.533333
govTerror,44.349668,33.239099
govTerror,29.461035,0.485721
govTerror,42.541751,-0.363571
govTerror,74.527652,34.14778
govTerror,66.589953,29.025836
govTerror,29.461035,0.485721
govTerror,62.119746,32.383535
govTerror,45.294693,2.021261
govTerror,126.010043,8.340676
govTerror,-7.314422,55.039475
govTerror,-7.314422,55.039475
govTerror,69.383108,33.706199
govTerror,44.936944,33.978611
govTerror,69.379383,36.985233
govTerror,47.430833,6.769722
govTerror,45.351039,2.058758
govTerror,44.276323,33.341954
govTerror,124.880109,12.148001
govTerror,101.693333,6.098333
govTerror,66.290278,28.121944
govTerror,69.129926,34.448129
govTerror,65.71131,31.594435
govTerror,41.335556,3.152778
govTerror,123.018956,7.585136
govTerror,31.336853,29.848319
govTerror,90.334556,25.650939
govTerror,42.951214,14.801955
govTerror,65.086416,35.123449
govTerror,94.042305,23.956762
govTerror,45.319814,2.0352
govTerror,120.822297,15.235298
govTerror,62.028239,32.480918
govTerror,1.410524,18.446536
govTerror,64.370018,31.592461
govTerror,69.153155,34.533175
govTerror,65.49744,28.038815
govTerror,43.3,33.416667
govTerror,67.33544,30.619647
govTerror,12.485266,9.203959
govTerror,33.803276,31.132093
govTerror,31.111022,30.031185
govTerror,65.92624,36.221847
govTerror,69.153155,34.533175
govTerror,44.583139,33.100298
govTerror,124.6,12.066667
govTerror,71.435873,33.974411
govTerror,67.766708,32.81493
govTerror,44.48659,33.321917
govTerror,45.116717,2.142623
govTerror,120.731506,17.680918
govTerror,69.153155,34.533175
govTerror,44.328386,33.277992
govTerror,36.30111,33.527313
govTerror,68.597313,30.366942
govTerror,44.4,33.3
govTerror,124.586762,12.08143
govTerror,-7.998274,12.645735
govTerror,38.278149,34.556886
govTerror,70.182716,34.238695
govTerror,29.19372,40.217894
govTerror,65.363542,27.945749
govTerror,44.34494,33.268315
govTerror,71.435873,33.974411
govTerror,30.326253,5.348133
govTerror,-2.523109,16.843955
govTerror,45.32013,2.03334
govTerror,45.340469,2.032623
govTerror,64.111486,26.978693
govTerror,65.538889,32.923889
govTerror,46.733611,15.19
govTerror,66.884313,25.026813
govTerror,13.352793,52.517573
govTerror,66.906944,32.106111
govTerror,-7.998274,12.645735
govTerror,123.598999,12.15218
govTerror,71.477429,34.565494
govTerror,-2.523109,16.843955
govTerror,121.159261,14.586433
govTerror,23.959906,32.082023
govTerror,68.866111,34.395556
govTerror,23.959906,32.082023
govTerror,75.50702,23.844004
govTerror,101.405528,6.853994
govTerror,69.362241,36.419964
govTerror,68.934585,33.796944
govTerror,62.3225,25.126389
govTerror,49.1825,11.284722
govTerror,122.592846,8.089721
govTerror,-2.955818,18.865124
govTerror,44.213536,15.355873
govTerror,2.748826,42.485952
govTerror,44.173806,13.843083
govTerror,63.367919,34.711935
govTerror,66.046353,35.670747
govTerror,14.017035,31.761679
govTerror,65.114474,35.161423
govTerror,93.906269,24.663717
govTerror,93.52365,24.48338
govTerror,72.091567,34.144763
govTerror,72.091567,34.144763
govTerror,71.102888,33.117365
govTerror,71.158611,33.321389
govTerror,71.067778,32.941111
govTerror,-0.04655,16.277076
govTerror,44.4,33.3
govTerror,74.223802,31.975507
govTerror,71.975452,34.015856
govTerror,93.695924,24.374687
govTerror,45.033333,12.8
govTerror,70.113206,32.822868
govTerror,35.380072,33.543599
govTerror,44.010392,13.574698
govTerror,120.531929,18.060094
govTerror,125.762524,8.966092
govTerror,66.18317,36.901498
govTerror,121.984545,6.697466
govTerror,44.276323,33.341954
govTerror,20.228628,30.753844
govTerror,120.987632,15.690683
govTerror,68.934423,33.79703
govTerror,68.891584,33.692904
govTerror,61.884839,32.163699
govTerror,69.893016,32.316295
govTerror,-97.50543,25.870624
govTerror,65.709989,31.624271
govTerror,24.666632,14.200357
govTerror,117.063256,7.984834
govTerror,66.998676,30.194298
govTerror,40.053203,1.75018
govTerror,121.066591,14.343387
govTerror,69.287754,35.804295
govTerror,44.4,33.3
govTerror,121.032256,15.487124
govTerror,121.193351,14.074255
govTerror,14.376558,50.133634
govTerror,43.3,33.416667
govTerror,72.74336,31.429127
govTerror,34.146286,31.083629
govTerror,68.871359,36.723348
govTerror,43.864934,33.164486
govTerror,74.461454,34.285858
govTerror,71.555437,34.218825
govTerror,71.023413,34.215062
govTerror,62.399326,34.928556
govTerror,44.48659,33.321918
govTerror,44.422369,33.3669
govTerror,31.235712,30.04442
govTerror,64.821971,36.227055
govTerror,65.704341,31.613774
govTerror,63.424597,32.164104
govTerror,13.184319,32.887714
govTerror,44.363851,33.368141
govTerror,62.508571,34.869942
govTerror,120.901564,14.441139
govTerror,81.934386,19.203677
govTerror,13.184319,32.887714
govTerror,69.325816,36.38246
govTerror,121.967127,6.702405
govTerror,44.583139,33.100298
govTerror,65.842746,36.041787
govTerror,32.616867,46.635417
govTerror,65.748403,31.612183
govTerror,44.403863,14.547845
govTerror,29.734248,-3.697227
govTerror,64.786564,32.354621
govTerror,71.429936,34.856902
govTerror,63.682984,29.98639
govTerror,71.387577,34.00137
govTerror,70.61836,34.171436
govTerror,70.603833,32.989724
govTerror,121.825905,17.000813
govTerror,44.4,33.3
govTerror,40.056176,1.736307
govTerror,45.353161,2.047187
govTerror,45.275856,2.028016
govTerror,40.060012,1.747214
govTerror,23.321396,42.698758
govTerror,69.142336,34.499493
govTerror,45.122575,2.139694
govTerror,63.751137,34.340314
govTerror,44.470086,33.340624
govTerror,74.343896,34.211475
govTerror,122.455092,10.724419
govTerror,66.712915,33.025068
govTerror,45.310382,2.041429
govTerror,70.100768,36.816574
govTerror,120.368592,16.729937
govTerror,42.826623,33.637651
govTerror,70.986575,35.183083
govTerror,44.363851,33.368141
govTerror,44.50868,2.715006
govTerror,70.891751,36.999475
govTerror,68.098635,34.936939
govTerror,29.997236,-2.596232
govTerror,31.18408,29.997609
govTerror,-6.91576,10.549933
govTerror,8.237705,4.807369
govTerror,44.491304,33.346826
govTerror,31.322709,30.090984
govTerror,34.110425,31.211645
govTerror,29.377297,-3.409668
govTerror,29.456063,-3.547515
govTerror,29.8938,-4.288882
govTerror,69.12347,34.530007
govTerror,70.808253,34.249954
govTerror,32.852264,39.919356
govTerror,8.237705,4.807369
govTerror,35.129808,49.451356
govTerror,74.746673,33.951609
govTerror,-3.665071,16.417521
govTerror,39.685004,-4.039418
govTerror,30.766713,50.052951
govTerror,22.639819,32.766785
govTerror,69.430782,36.537101
govTerror,69.344652,35.138052
govTerror,45.338594,2.033343
govTerror,124.476389,6.867985
govTerror,-3.664859,16.417596
govTerror,7.699986,11.066584
govTerror,69.201495,34.551511
govTerror,121.01668,15.353113
govTerror,45.116688,2.142651
govTerror,44.400231,33.408957
govTerror,65.286357,34.52366
govTerror,29.496269,0.649451
govTerror,44.021944,13.578889
govTerror,84.025986,24.014978
govTerror,84.025986,24.014978
govTerror,86.070989,24.013591
govTerror,124.485801,7.000163
govTerror,14.22506,12.377705
govTerror,31.266307,30.093718
govTerror,43.651751,3.114224
govTerror,69.451639,37.382557
govTerror,22.720776,48.441418
govTerror,45.273593,2.02886
govTerror,68.709536,35.943802
govTerror,62.121403,32.37662
govTerror,-71.904565,-13.918219
govTerror,3.34824,7.160697
govTerror,44.358056,33.394444
govTerror,74.835984,33.71787
govTerror,71.683333,29.395721
govTerror,122.120277,6.497901
govTerror,71.657202,34.021354
govTerror,24.663825,14.202517
govTerror,73.732776,15.800344
govTerror,46.716667,24.633333
govTerror,44.513388,33.392997
govTerror,62.121403,32.37662
govTerror,76.991259,28.606601
govTerror,14.831348,5.804663
govTerror,14.831348,5.804663
govTerror,85.205689,27.88852
govTerror,124.896398,6.875088
govTerror,44.547048,33.570568
govTerror,68.95694,34.591139
govTerror,66.450959,30.907255
govTerror,86.897382,26.40305
govTerror,124.23738,7.199553
govTerror,44.58135,33.100569
govTerror,24.044116,12.961401
govTerror,66.127715,32.938276
govTerror,64.5333,35.8464
govTerror,44.363473,33.366689
govTerror,44.460661,33.324234
govTerror,84.378076,24.746682
govTerror,68.913371,37.182579
govTerror,0,0
govTerror,41.265824,39.905499
govTerror,85.963303,23.665982
govTerror,45.339971,2.037408
govTerror,45.287856,2.029865
govTerror,17.285147,31.052821
govTerror,73.093146,33.729388
govTerror,44.331227,33.333465
govTerror,44.597833,33.754053
govTerror,45.304763,2.022389
govTerror,85.21241,24.246077
govTerror,13.651241,51.000867
govTerror,34.240191,31.280267
govTerror,37.814722,47.095103
govTerror,38.291868,34.569424
govTerror,45.116675,2.142598
govTerror,6.10897,4.973087
govTerror,69.168889,35.013056
govTerror,123.436011,7.824157
govTerror,122.166574,6.533898
govTerror,31.443433,30.753697
govTerror,35.069003,32.849467
govTerror,27.998528,7.699508
govTerror,7.45735,5.154121
govTerror,44.696111,1.808148
govTerror,123.524934,12.381842
govTerror,69.098513,34.214813
govTerror,71.376849,33.996736
govTerror,-78.792429,1.659604
govTerror,101.661293,6.068226
govTerror,45.329722,2.027446
govTerror,44.495429,33.357917
govTerror,73.087963,33.632456
govTerror,11.335048,11.640027
govTerror,65.05035,32.267056
govTerror,65.614803,27.756747
govTerror,44.4,33.3
govTerror,-4.094176,14.527126
govTerror,69.174886,34.527578
govTerror,122.791793,13.820728
govTerror,34.239506,31.279946
govTerror,18.552953,4.388384
govTerror,37.808211,48.011886
govTerror,44.205385,15.353811
govTerror,44.583139,33.100298
govTerror,29.046583,41.118211
govTerror,67.165775,32.228473
govTerror,43.611573,37.24705
govTerror,64.567871,31.829242
govTerror,46.133053,13.674095
govTerror,9.605897,7.506446
govTerror,66.908203,32.104789
govTerror,41.213344,37.070876
govTerror,124.245484,7.208959
govTerror,70.815835,37.200558
govTerror,80.721442,18.860831
govTerror,81.923593,19.186766
govTerror,80.709835,18.875916
govTerror,124.676801,7.057721
govTerror,44.010392,32.606846
govTerror,123.436011,7.824157
govTerror,61.198836,34.654576
govTerror,88.624135,24.363589
govTerror,70.33105,36.460389
govTerror,67.037402,30.18897
govTerror,30.842129,29.312292
govTerror,125.321819,8.091583
govTerror,72.379948,33.924563
govTerror,44.065556,33.291944
govTerror,44.506622,33.314009
govTerror,45.019734,12.785497
govTerror,69.168091,34.535462
govTerror,65.739091,36.664872
govTerror,71.521115,34.730041
govTerror,67.06939,24.882452
govTerror,65.752827,36.667586
govTerror,29.000459,41.039164
govTerror,45.019734,12.790059
govTerror,90.41782,23.717351
govTerror,44.983708,12.785338
govTerror,31.251714,30.122724
govTerror,65.881734,32.628464
govTerror,85.325629,23.368097
govTerror,44.010392,13.574698
govTerror,28.395056,4.575553
govTerror,64.293133,35.687393
govTerror,1.150137,15.769755
govTerror,44.983678,12.787191
govTerror,93.777131,24.385399
govTerror,83.205006,22.023614
govTerror,75.027034,33.851332
govTerror,44.319171,38.498095
govTerror,41.919647,32.559762
govTerror,41.919647,32.559762
govTerror,41.919647,32.559762
govTerror,64.465371,35.562483
govTerror,49.124202,14.538975
govTerror,44.4,33.3
govTerror,44.4,33.3
govTerror,29.793292,8.903059
govTerror,29.793292,8.903059
govTerror,70.498676,34.463789
govTerror,123.30307,7.836483
govTerror,42.233889,3.516944
govTerror,63.033546,26.005312
govTerror,45.022288,14.356796
govTerror,62.189709,34.97002
govTerror,6.171943,7.420306
govTerror,67.128416,24.929365
govTerror,68.95675,34.590942
govTerror,124.23745,7.221007
govTerror,25.325382,50.746932
govTerror,66.134406,32.930197
govTerror,44.491304,33.346826
govTerror,40.284444,33.038056
govTerror,0,0
govTerror,44.633333,33.75
govTerror,122.582514,7.761796
govTerror,44.276323,33.341954
govTerror,13.191338,32.887209
govTerror,45.033174,12.800018
govTerror,70.403091,34.41132
govTerror,65.711615,31.617023
govTerror,93.696489,24.342235
govTerror,93.696489,24.342235
govTerror,93.696489,24.342235
govTerror,93.696489,24.342235
govTerror,93.696489,24.342235
govTerror,93.696489,24.342235
govTerror,93.696489,24.342235
govTerror,93.696489,24.342235
govTerror,93.696489,24.342235
govTerror,35.360005,46.853305
govTerror,44.399968,33.422418
govTerror,71.382818,34.001644
govTerror,68.713696,35.944668
govTerror,44.327619,33.245284
govTerror,39.494034,48.54897
govTerror,80.286918,19.49453
govTerror,80.374056,20.488022
govTerror,80.337527,20.023916
govTerror,63.907029,34.360031
govTerror,44.583119,33.100326
govTerror,43.766472,35.324176
govTerror,86.7571,26.542321
govTerror,86.7571,26.542321
govTerror,-73.354232,8.25205
govTerror,44.318517,33.355478
govTerror,26.25193,50.619294
govTerror,125.0574,7.323202
govTerror,70.682533,37.420874
govTerror,70.703451,33.486854
govTerror,74.298534,31.535661
govTerror,72.020012,34.764244
govTerror,122.590922,7.773448
govTerror,43.491145,34.931046
govTerror,71.890463,33.823206
govTerror,125.0574,7.323202
govTerror,29.466667,-8.058201
govTerror,44.405728,33.387412
govTerror,45.880148,5.303997
govTerror,80.273494,19.018138
govTerror,22.444898,13.450731
govTerror,101.484832,6.862661
govTerror,81.842928,25.599288
govTerror,45.24544,2.036953
govTerror,79.807611,20.148689
govTerror,70.472943,34.419849
govTerror,43.314979,33.39783
govTerror,80.29327,19.388008
govTerror,81.658187,18.391976
govTerror,68.485364,33.54288
govTerror,70.558411,37.669853
govTerror,65.680987,26.62716
govTerror,120.973392,15.486505
govTerror,-0.040354,16.268135
govTerror,65.811708,36.464822
govTerror,69.219084,34.845885
govTerror,70.380204,37.528069
govTerror,-3.826936,13.386128
govTerror,44.422993,33.325202
govTerror,72.282371,34.79243
govTerror,85.556331,26.862783
govTerror,101.281188,6.541234
govTerror,44.421782,33.326262
govTerror,65.971114,27.645849
govTerror,67.746701,30.825109
govTerror,16.572204,31.200459
govTerror,121.001671,6.05235
govTerror,45.010557,12.782632
govTerror,43.471711,3.312466
govTerror,120.973393,15.486505
govTerror,40.746267,36.507867
govTerror,71.435477,33.97546
govTerror,45.203923,4.735914
govTerror,68.957643,34.591139
govTerror,44.402933,33.316785
govTerror,120.412716,15.800767
govTerror,80.193719,18.894734
govTerror,72.510598,34.666544
govTerror,67.066634,24.97306
govTerror,49.127197,14.540433
govTerror,125.744367,8.481584
govTerror,125.009946,7.638382
govTerror,44.207803,15.353053
govTerror,31.207991,30.062141
govTerror,31.190343,30.059068
govTerror,44.382303,35.466669
govTerror,36.313667,33.551056
govTerror,85.295423,27.73084
govTerror,29.844098,1.440046
govTerror,45.336655,2.041092
govTerror,44.376885,33.66537
govTerror,44.422571,33.327257
govTerror,0,0
govTerror,4.637287,6.57562
govTerror,70.33105,36.460389
govTerror,24.899728,13.500013
govTerror,44.716387,33.373963
govTerror,120.352198,16.049006
govTerror,90.554246,25.326549
govTerror,6.732539,7.80251
govTerror,70.472943,34.419849
govTerror,70.472943,34.419849
govTerror,26.431191,18.357098
govTerror,121.147886,16.063522
govTerror,124.672939,6.435997
govTerror,15.114839,32.320068
govTerror,44.328386,33.277992
govTerror,38.795515,37.167404
govTerror,73.508441,4.17485
govTerror,73.27495,26.988518
govTerror,69.272486,41.367161
govTerror,44.418746,33.328074
govTerror,71.794559,34.011387
govTerror,41.867469,3.037002
govTerror,32.616874,46.635419
govTerror,20.187911,32.094771
govTerror,16.095998,61.829026
govTerror,121.968764,6.703161
govTerror,45.595628,3.385154
govTerror,31.504178,30.576491
govTerror,15.092514,32.376749
govTerror,61.448489,32.144217
govTerror,26.279048,39.263811
govTerror,121.350403,15.42939
govTerror,66.587877,29.030361
govTerror,64.775514,35.917833
govTerror,86.952395,23.673945
govTerror,88.408273,22.594886
govTerror,87.092391,23.629057
govTerror,87.077411,23.706069
govTerror,86.936746,23.661005
govTerror,88.408273,22.594886
govTerror,88.41494,26.712845
govTerror,44.571408,37.30012
govTerror,20.216869,30.749794
govTerror,64.775514,35.917833
govTerror,65.7903,36.488378
govTerror,69.137258,34.488722
govTerror,90.425808,23.782399
govTerror,68.868066,36.728591
govTerror,120.815982,15.550052
govTerror,101.127766,6.823643
govTerror,45.0363,12.7796
govTerror,43.181906,9.932966
govTerror,18.671789,4.87491
govTerror,45.294693,2.021261
govTerror,64.905955,34.099578
govTerror,65.135092,32.031263
govTerror,10.608395,35.825603
govTerror,44.380393,35.465517
govTerror,43.65014,3.116367
govTerror,69.71741,34.88338
govTerror,71.572857,34.005369
govTerror,45.033441,12.799744
govTerror,44.290618,33.297475
govTerror,30.726051,46.481897
govTerror,84.475014,27.106337
govTerror,28.566689,3.616133
govTerror,121.198171,13.736502
govTerror,-4.184756,14.489789
govTerror,122.367499,7.501849
govTerror,43.867993,33.858442
govTerror,65.737175,31.628871
govTerror,125.116732,7.100174
govTerror,44.422414,33.324331
govTerror,67.056885,24.894681
govTerror,36.298813,33.524913
govTerror,36.298813,33.524913
govTerror,-4.338905,20.129129
govTerror,0,0
govTerror,45.380221,13.128436
govTerror,83.816805,26.564129
govTerror,84.640065,24.740409
govTerror,45.294728,2.02109
govTerror,44.423324,33.324316
govTerror,120.460246,17.42802
govTerror,44.380392,35.465576
govTerror,13.191338,32.887209
govTerror,18.208041,4.665581
govTerror,31.110962,30.031159
govTerror,30.84285,29.308402
govTerror,125.54746,8.952956
govTerror,44.63339,33.750013
govTerror,7.499241,12.592269
govTerror,18.699216,4.955898
govTerror,70.472311,34.419999
govTerror,84.16066,19.283729
govTerror,44.191007,15.369445
govTerror,44.572388,37.299291
govTerror,93.933021,24.705996
govTerror,62.11441,32.659576
govTerror,68.331613,33.814226
govTerror,70.484747,34.454005
govTerror,44.363805,33.368323
govTerror,6.861905,4.740294
govTerror,124.816499,12.016832
govTerror,45.27976,2.019904
govTerror,43.905386,34.16512
govTerror,101.632844,6.575296
govTerror,45.057508,2.135035
govTerror,1.007308,20.20993
govTerror,38.42217,48.906971
govTerror,-72.412035,6.463034
govTerror,43.792224,34.457497
govTerror,31.651539,9.549617
govTerror,86.756722,26.541946
govTerror,4.78272,52.516945
govTerror,69.526124,37.459966
govTerror,69.526124,37.459966
govTerror,44.420471,33.324718
govTerror,90.563609,25.330097
govTerror,61.108281,34.660326
govTerror,68.882423,32.910299
govTerror,68.381306,32.109147
govTerror,1.409654,18.452071
govTerror,69.251667,29.89628
govTerror,101.299081,6.354507
govTerror,24.029717,49.839683
govTerror,96.200302,16.789154
govTerror,22.572367,6.607667
govTerror,64.999433,36.177532
govTerror,44.427682,33.415331
govTerror,93.888769,24.616889
govTerror,45.033274,12.799868
govTerror,70.95468,34.354216
govTerror,123.282912,12.233896
govTerror,38.443361,48.906614
govTerror,14.618659,24.932325
govTerror,72.485556,34.019167
govTerror,70.206769,32.103442
govTerror,73.509347,4.175496
govTerror,30.5234,50.4501
govTerror,93.99929,24.644924
govTerror,1.408364,18.439023
govTerror,71.659722,34.759444
govTerror,18.540338,4.351
govTerror,18.537653,4.412595
govTerror,18.537653,4.412595
govTerror,18.537555,4.412497
govTerror,123.848826,10.257972
govTerror,44.422295,33.324995
govTerror,42.283306,2.333402
govTerror,68.416723,33.549913
govTerror,45.334569,2.031515
govTerror,12.449312,32.780671
govTerror,43.632833,35.03415
govTerror,44.380392,35.465576
govTerror,122.8682,10.372086
govTerror,73.935982,35.438093
govTerror,122.542728,10.694875
govTerror,70.496168,34.439211
govTerror,45.294675,2.021371
govTerror,18.55819,4.394674
govTerror,125.506754,7.012594
govTerror,44.421624,33.32645
govTerror,18.552557,4.392568
govTerror,45.350812,2.058818
govTerror,44.247902,1.876646
govTerror,44.36392,33.368156
govTerror,69.07318,32.771313
govTerror,65.636944,32.426667
govTerror,117.510498,8.656259
govTerror,71.58049,34.014975
govTerror,121.553653,16.715581
govTerror,45.156409,2.110202
govTerror,44.34172,33.29561
govTerror,42.951121,14.80211
govTerror,29.365685,-3.383393
govTerror,62.03414,26.112352
govTerror,122.079054,6.921606
govTerror,44.34494,33.268315
govTerror,21.741336,32.766071
govTerror,42.236244,36.229574
govTerror,35.139866,33.11829
govTerror,45.116708,2.143114
govTerror,45.27591,2.02782
govTerror,125.632876,7.247971
govTerror,13.191338,32.887209
govTerror,122.366222,7.501516
govTerror,29.452754,0.499012
govTerror,65.64992,31.651445
govTerror,124.88112,10.862454
govTerror,14.215002,12.400272
govTerror,69.217087,33.599926
govTerror,23.736655,37.986472
govTerror,44.386317,33.329946
govTerror,81.846311,25.435801
govTerror,83.336111,20.883056
govTerror,31.33423,31.04359
govTerror,69.166773,34.534735
govTerror,70.716275,36.636498
govTerror,-3.002562,16.766589
govTerror,23.961175,32.07592
govTerror,68.416723,33.549913
govTerror,70.448333,32.865556
govTerror,70.472943,34.419849
govTerror,29.607297,-3.612174
govTerror,45.033201,12.799822
govTerror,66.712915,33.04098
govTerror,29.308681,-3.340822
govTerror,44.427621,32.477336
govTerror,28.486396,9.838551
govTerror,61.859984,30.960031
govTerror,69.218486,34.516515
govTerror,1.408364,18.439023
govTerror,44.290494,33.297561
govTerror,40.388604,38.059761
govTerror,65.681228,31.614077
govTerror,125.551787,6.312904
govTerror,7.626135,51.960665
govTerror,29.366758,-3.381868
govTerror,44.363784,33.368158
govTerror,29.612244,0.851741
govTerror,77.628546,12.981695
govTerror,72.476053,34.062465
govTerror,66.995823,30.584213
govTerror,40.388604,38.059761
govTerror,21.737622,32.756416
govTerror,125.91601,8.607868
govTerror,13.191338,32.887209
govTerror,44.352032,35.452182
govTerror,69.918164,33.336879
govTerror,-117.277924,34.07577
govTerror,122.088023,6.907816
govTerror,7.047156,7.691977
govTerror,81.659273,18.391134
govTerror,47.430704,6.769658
govTerror,23.739891,37.981781
govTerror,23.729281,37.984184
govTerror,44.977943,12.863867
govTerror,125.468611,7.064167
govTerror,45.033359,12.800194
govTerror,44.499103,40.179186
govTerror,-73.169265,7.073968
govTerror,44.422347,33.325093
govTerror,37.134271,36.208037
govTerror,29.368588,-3.372193
govTerror,67.014528,30.197953
govTerror,71.58049,34.014975
govTerror,63.78605,30.552677
govTerror,41.601181,0.224021
govTerror,35.099826,31.532569
govTerror,21.737618,32.756417
govTerror,45.313482,2.021834
govTerror,120.339908,15.815098
govTerror,44.35676,32.98499
govTerror,36.173733,34.012545
govTerror,70.362634,34.47998
govTerror,69.187794,34.530179
govTerror,71.714795,34.216456
govTerror,69.143711,36.224865
govTerror,44.191007,15.369445
govTerror,44.278697,33.370251
govTerror,44.380392,35.465576
govTerror,45.318162,2.046934
govTerror,65.710309,31.61338
govTerror,-0.042837,16.27423
govTerror,121.149886,14.214737
govTerror,65.685628,26.491098
govTerror,35.046183,48.464717
govTerror,23.736655,37.986472
govTerror,64.852824,32.070697
govTerror,64.852824,32.070697
govTerror,46.108814,30.11385
govTerror,121.101819,6.063022
govTerror,44.392051,33.251438
govTerror,-3.002562,16.766589
govTerror,124.453097,6.912223
govTerror,44.522158,1.632068
govTerror,22.954617,40.635279
govTerror,45.318162,2.046934
govTerror,65.125627,36.954855
govTerror,70.45369,34.42965
govTerror,68.65339,34.475736
govTerror,42.491834,37.418748
govTerror,69.17531,34.531808
govTerror,44.470109,33.34059
govTerror,45.294693,2.021261
govTerror,45.304156,2.042986
govTerror,121.183973,15.583012
govTerror,123.200461,12.033378
govTerror,-66.848291,10.499032
govTerror,64.852824,32.070697
govTerror,64.852824,32.070697
govTerror,47.783489,30.508103
govTerror,124.4242,7.278525
govTerror,45.275931,2.027798
govTerror,85.418406,20.225002
govTerror,81.882528,18.343586
govTerror,81.429048,18.325329
govTerror,45.325108,15.458392
govTerror,64.874983,36.184149
govTerror,13.150967,11.831098
govTerror,13.150967,11.831098
govTerror,62.366177,26.101966
govTerror,72.050801,34.200114
govTerror,101.763778,6.034819
govTerror,44.977943,12.863867
govTerror,43.298291,33.404239
govTerror,90.670189,23.848101
govTerror,90.670189,23.848101
govTerror,90.670189,23.848101
govTerror,17.837357,30.780012
govTerror,124.299806,7.999676
