policeTerror,longitude,latitude
policeTerror,29.000459,41.039164
policeTerror,136.834972,-4.472451
policeTerror,68.599642,30.366281
policeTerror,70.44742,34.434093
policeTerror,62.031136,32.453788
policeTerror,48.636382,15.921257
policeTerror,63.29867,31.997362
policeTerror,68.914444,37.184444
policeTerror,67.565649,28.373562
policeTerror,68.849843,37.110345
policeTerror,68.656837,33.914076
policeTerror,48.788861,15.944438
policeTerror,68.233333,33.065829
policeTerror,62.031136,32.453788
policeTerror,65.70216,31.612835
policeTerror,65.70216,31.612835
policeTerror,31.322858,30.065048
policeTerror,41.44449,31.332063
policeTerror,33.80194,31.130624
policeTerror,66.906922,32.106139
policeTerror,71.099167,34.461111
policeTerror,62.757807,32.794568
policeTerror,34.110425,31.211645
policeTerror,30.762019,28.086801
policeTerror,28.976725,41.00689
policeTerror,68.541317,28.518939
policeTerror,69.251944,29.896111
policeTerror,69.916917,33.333109
policeTerror,44.213536,15.355873
policeTerror,68.446944,33.305833
policeTerror,65.873015,32.626454
policeTerror,64.47316,32.397381
policeTerror,30.836898,29.324607
policeTerror,2.318555,48.816769
policeTerror,65.577382,26.304831
policeTerror,66.192955,32.684456
policeTerror,44.252877,33.079205
policeTerror,44.395746,35.470616
policeTerror,44.395746,35.470616
policeTerror,44.395746,35.470616
policeTerror,44.395746,35.470616
policeTerror,44.395746,35.470616
policeTerror,44.395746,35.470616
policeTerror,44.395746,35.470616
policeTerror,-5.856586,54.588478
policeTerror,42.184007,37.331265
policeTerror,42.184007,37.331265
policeTerror,67.033333,24.933333
policeTerror,43.886423,34.192537
policeTerror,43.886423,34.192537
policeTerror,43.886423,34.192537
policeTerror,43.886423,34.192537
policeTerror,44.612324,34.87981
policeTerror,31.245069,30.121423
policeTerror,31.14822,29.989607
policeTerror,64.815,32.260556
policeTerror,90.361499,23.806425
policeTerror,11.096525,11.709427
policeTerror,66.44203,35.967023
policeTerror,49.1825,11.284645
policeTerror,121.044016,5.969382
policeTerror,67.033268,24.933604
policeTerror,33.803186,31.131997
policeTerror,34.240191,31.280267
policeTerror,44.507795,33.25153
policeTerror,66.998824,30.182962
policeTerror,63.624722,34.963611
policeTerror,91.743196,26.171689
policeTerror,66.5125,32.176111
policeTerror,66.289873,35.776813
policeTerror,69.916675,33.333318
policeTerror,34.110425,31.211645
policeTerror,44.396303,35.495925
policeTerror,70.336069,33.695975
policeTerror,66.850045,29.800097
policeTerror,67.565649,28.373562
policeTerror,64.435513,35.814512
policeTerror,64.19502,31.12993
policeTerror,12.118483,10.446327
policeTerror,88.597403,24.366109
policeTerror,91.871471,24.890322
policeTerror,67.646111,31.908611
policeTerror,44.936944,33.978611
policeTerror,64.508123,35.85837
policeTerror,49.1825,11.284645
policeTerror,29.918739,31.200092
policeTerror,70.905212,31.831508
policeTerror,39.517065,48.681082
policeTerror,91.871523,24.897839
policeTerror,91.438875,24.415958
policeTerror,71.580758,34.014641
policeTerror,64.833889,32.073333
policeTerror,63.367503,34.338022
policeTerror,66.056473,36.11347
policeTerror,29.918559,31.199595
policeTerror,70.905344,31.829839
policeTerror,64.833889,32.07265
policeTerror,64.833889,32.07265
policeTerror,64.833889,32.07265
policeTerror,43.766667,35.316625
policeTerror,43.912706,35.269902
policeTerror,43.59431,35.277728
policeTerror,43.462027,35.272238
policeTerror,44.087712,35.135849
policeTerror,63.367503,34.338022
policeTerror,90.403656,23.733729
policeTerror,88.59991,24.366769
policeTerror,44.507795,33.25153
policeTerror,69.916917,33.333109
policeTerror,67.033333,24.933333
policeTerror,62.246389,34.301389
policeTerror,68.237154,32.687975
policeTerror,29.151767,40.924983
policeTerror,84.056387,24.025907
policeTerror,67.015595,24.934911
policeTerror,43.300716,33.416293
policeTerror,96.372467,25.63246
policeTerror,90.394261,23.739726
policeTerror,89.250804,25.754216
policeTerror,89.343056,24.838333
policeTerror,89.354705,24.833108
policeTerror,69.136389,37.1175
policeTerror,61.251891,28.247855
policeTerror,80.719147,19.984386
policeTerror,81.681461,18.355194
policeTerror,44.620868,34.880926
policeTerror,88.604694,23.664572
policeTerror,72.723122,33.783165
policeTerror,-77.61931,1.08799
policeTerror,80.812864,18.79771
policeTerror,91.848916,22.368184
policeTerror,71.511591,34.740321
policeTerror,34.110425,31.211645
policeTerror,64.373087,31.591101
policeTerror,16.588936,31.205314
policeTerror,44.26214,33.537227
policeTerror,44.339601,33.231895
policeTerror,88.599401,24.375964
policeTerror,31.341158,30.119213
policeTerror,101.3885,6.491822
policeTerror,91.833222,22.35174
policeTerror,70.44742,34.434093
policeTerror,64.369167,31.583056
policeTerror,44.434701,33.223512
policeTerror,65.454167,31.547778
policeTerror,68.416667,37
policeTerror,31.235845,30.044245
policeTerror,31.285017,30.077022
policeTerror,31.235845,30.044245
policeTerror,35.895833,34.396358
policeTerror,101.672656,6.412174
policeTerror,71.453561,33.601754
policeTerror,70.906995,31.830459
policeTerror,81.241045,18.25243
policeTerror,81.305888,18.260054
policeTerror,67.020396,24.923077
policeTerror,68.914444,37.184444
policeTerror,31.216847,30.329237
policeTerror,29.918739,31.199901
policeTerror,70.331667,36.472222
policeTerror,64.763659,35.598206
policeTerror,64.763659,35.598206
policeTerror,71.580311,34.015012
policeTerror,31.235845,30.044245
policeTerror,68.354795,30.697964
policeTerror,65.70216,31.612835
policeTerror,62.324064,34.307267
policeTerror,44.893227,34.054201
policeTerror,32.549628,29.966757
policeTerror,33.803321,31.132112
policeTerror,70.211068,34.674256
policeTerror,30.762019,28.086801
policeTerror,101.178725,6.827728
policeTerror,44.373944,33.664229
policeTerror,89.556688,22.814661
policeTerror,65.890564,31.90406
policeTerror,44.395746,35.470616
policeTerror,44.395746,35.470616
policeTerror,28.977005,41.005261
policeTerror,91.838467,22.348058
policeTerror,88.59991,24.366769
policeTerror,90.38389,23.73336
policeTerror,70.172056,34.22635
policeTerror,70.157865,34.231285
policeTerror,62.857845,34.25696
policeTerror,71.323781,35.480785
policeTerror,31.243397,30.094976
policeTerror,63.466801,25.266566
policeTerror,50.514853,26.221366
policeTerror,65.054425,31.62284
policeTerror,70.255,34.186111
policeTerror,63.739444,34.347222
policeTerror,13.203437,32.869936
policeTerror,120.900526,17.084393
policeTerror,6.403743,4.532813
policeTerror,-10.940982,15.01227
policeTerror,3.9864,36.277508
policeTerror,80.769124,18.642962
policeTerror,29.918828,31.200016
policeTerror,70.336069,33.695975
policeTerror,73.201062,34.333882
policeTerror,31.413889,30.111389
policeTerror,49.1825,11.284766
policeTerror,64.369167,31.583056
policeTerror,65.473889,32.920833
policeTerror,62.203098,34.346907
policeTerror,44.61205,34.879919
policeTerror,90.92117,23.580551
policeTerror,80.275339,20.093128
policeTerror,67.016673,30.17116
policeTerror,13.250957,32.894455
policeTerror,65.346325,36.196546
policeTerror,65.349432,36.198591
policeTerror,89.232419,23.159466
policeTerror,90.43473,23.710799
policeTerror,33.037082,35.140467
policeTerror,33.803321,31.132017
policeTerror,101.695443,6.057088
policeTerror,64.874032,36.247525
policeTerror,62.198315,34.343326
policeTerror,90.360714,23.804512
policeTerror,91.25,23.35
policeTerror,64.113921,26.999497
policeTerror,44.253056,33.079167
policeTerror,70.799971,34.195301
policeTerror,80.311806,20.272043
policeTerror,23.736582,37.986729
policeTerror,88.59996,24.366623
policeTerror,70.100908,34.796513
policeTerror,65.70216,31.612835
policeTerror,90.367863,23.773132
policeTerror,90.406258,23.724174
policeTerror,90.268301,24.632652
policeTerror,81.866144,21.278657
policeTerror,49.1825,11.284766
policeTerror,47.805696,30.457925
policeTerror,91.197901,23.455809
policeTerror,90.364244,23.770293
policeTerror,50.585596,26.216076
policeTerror,125.872222,8.050528
policeTerror,12.616667,13.316667
policeTerror,10.925608,12.562439
policeTerror,30.941975,31.10632
policeTerror,68.86947,36.726437
policeTerror,30.016884,31.282654
policeTerror,30.016884,31.282654
policeTerror,29.9748,31.248222
policeTerror,29.946908,31.210951
policeTerror,29.9832,31.255534
policeTerror,19.816604,41.330143
policeTerror,34.110425,31.211645
policeTerror,38.402665,48.338461
policeTerror,70.452468,34.430134
policeTerror,69.421137,37.065646
policeTerror,33.148611,30.426389
policeTerror,90.56476,24.759793
policeTerror,64.058116,34.591383
policeTerror,69.720278,34.896389
policeTerror,79.922001,37.11384
policeTerror,31.285017,30.077022
policeTerror,38.424287,36.97512
policeTerror,124.028392,13.025418
policeTerror,14.052937,13.549231
policeTerror,40.054105,1.746952
policeTerror,45.5771,13.988915
policeTerror,7.338608,9.159633
policeTerror,101.948617,6.026201
policeTerror,34.110425,31.211645
policeTerror,70.451748,34.429433
policeTerror,71.584167,35.402778
policeTerror,68.840244,34.391319
policeTerror,91.65948,22.617737
policeTerror,42.550134,33.849852
policeTerror,126.216168,6.951876
policeTerror,126.216168,6.951876
policeTerror,68.220079,28.546261
policeTerror,31.184652,30.465685
policeTerror,39.054143,-5.055813
policeTerror,126.184539,6.936973
policeTerror,65.054246,31.623036
policeTerror,81.303815,18.260136
policeTerror,-7.284821,54.971694
policeTerror,89.275227,25.743892
policeTerror,69.257784,34.014117
policeTerror,74.357514,31.553995
policeTerror,49.127513,14.531382
policeTerror,81.061666,19.010024
policeTerror,42.549955,33.850037
policeTerror,63.290842,35.04013
policeTerror,34.240191,31.280267
policeTerror,-73.354165,8.234801
policeTerror,101.235109,6.826315
policeTerror,45.340469,2.032623
policeTerror,66.909451,32.105078
policeTerror,68.393324,32.76073
policeTerror,-56.488096,-23.318849
policeTerror,-56.69482,-23.124529
policeTerror,32.549628,29.966834
policeTerror,66.405537,31.002009
policeTerror,70.359167,34.835278
policeTerror,81.543134,18.646597
policeTerror,22.242201,32.76264
policeTerror,101.815028,6.424834
policeTerror,72.499037,34.192268
policeTerror,81.03055,18.753932
policeTerror,0,0
policeTerror,31.096894,29.07335
policeTerror,63.453735,25.400806
policeTerror,31.099291,29.068194
policeTerror,22.4349,38.895973
policeTerror,-56.450292,-23.266556
policeTerror,-54.856367,-24.502438
policeTerror,70.846181,36.754448
policeTerror,69.01742,33.117102
policeTerror,98.461755,23.831453
policeTerror,90.35957,23.78231
policeTerror,69.240073,34.660214
policeTerror,44.881944,13.056667
policeTerror,44.205237,33.152144
policeTerror,69.919702,33.338905
policeTerror,46.754023,43.471462
policeTerror,29.027808,-1.639724
policeTerror,44.583333,33.1
policeTerror,31.211122,30.096994
policeTerror,70.593889,32.9725
policeTerror,50.609901,26.144038
policeTerror,34.240191,31.280267
policeTerror,44.498375,33.741604
policeTerror,69.255135,32.663817
policeTerror,30.842872,29.308363
policeTerror,30.680538,29.357014
policeTerror,30.846014,29.307319
policeTerror,30.842872,29.308363
policeTerror,30.842872,29.308363
policeTerror,69.882313,34.275513
policeTerror,64.051058,31.488758
policeTerror,45.30408,2.042886
policeTerror,41.460836,31.392495
policeTerror,42.55,33.850297
policeTerror,101.51344,6.352957
policeTerror,66.444722,30.922447
policeTerror,32.899651,24.088856
policeTerror,68.709008,35.951738
policeTerror,90.407806,23.792513
policeTerror,101.059862,6.783047
policeTerror,68.6,30.366667
policeTerror,101.059862,6.783047
policeTerror,66.881346,36.373503
policeTerror,64.56727,31.823423
policeTerror,-6.25518,55.20143
policeTerror,65.564917,32.894314
policeTerror,93.126554,23.994737
policeTerror,45.340469,2.032623
policeTerror,42.550045,33.85
policeTerror,36.230525,49.993705
policeTerror,3.309458,36.412944
policeTerror,35.226404,31.793371
policeTerror,101.201382,6.574715
policeTerror,-0.044616,16.289889
policeTerror,44.434701,33.223512
policeTerror,39.009361,32.740792
policeTerror,94.63,26.98
policeTerror,29.91838,31.199787
policeTerror,29.918649,31.200092
policeTerror,125.169529,7.602754
policeTerror,125.324677,7.391979
policeTerror,125.113125,7.609691
policeTerror,67.021816,24.946496
policeTerror,44.311389,33.191944
policeTerror,66.019589,29.555805
policeTerror,0,0
policeTerror,79.922407,37.113704
policeTerror,41.018741,30.976266
policeTerror,71.071691,36.811451
policeTerror,33.803265,31.132083
policeTerror,66.714597,30.67974
policeTerror,68.35,30.283333
policeTerror,64.349587,31.593119
policeTerror,68.709008,35.951738
policeTerror,65.876024,32.629646
policeTerror,72.348611,34.246111
policeTerror,90.25027,25.594539
policeTerror,44.514216,33.324443
policeTerror,67.017802,24.860787
policeTerror,67.01445,24.856305
policeTerror,68.574655,34.106501
policeTerror,121.015348,6.041468
policeTerror,31.007948,30.560456
policeTerror,68.855859,35.006075
policeTerror,44.893611,2.618333
policeTerror,44.025556,33.247778
policeTerror,90.387157,23.728528
policeTerror,9.069549,6.783539
policeTerror,65.054246,31.623038
policeTerror,65.054246,31.623038
policeTerror,-74.110048,4.580869
policeTerror,64.779734,32.356548
policeTerror,90.373606,23.741635
policeTerror,68.578186,33.421827
policeTerror,69.159998,36.995654
policeTerror,13.20432,32.89551
policeTerror,126.176575,9.209105
policeTerror,123.060053,13.694464
policeTerror,13.011111,32.817222
policeTerror,64.368945,31.604685
policeTerror,64.369167,31.583061
policeTerror,90.41489,23.734871
policeTerror,43.3,33.416667
policeTerror,47.563684,42.707062
policeTerror,64.3716,31.597205
policeTerror,90.388237,23.733274
policeTerror,0,0
policeTerror,44.253056,33.078867
policeTerror,41.854848,3.93555
policeTerror,65.463857,33.243044
policeTerror,66.127342,33.724409
policeTerror,62.033849,32.481309
policeTerror,69.174589,34.523124
policeTerror,45.304106,2.042893
policeTerror,44.404012,33.18086
policeTerror,50.510309,26.230328
policeTerror,75.521757,32.377503
policeTerror,71.08857,34.930358
policeTerror,71.060012,33.529949
policeTerror,66.998734,30.182971
policeTerror,68.912625,37.185605
policeTerror,101.809358,6.241925
policeTerror,90.41054,23.731103
policeTerror,45.304079,2.042886
policeTerror,123.278449,12.025238
policeTerror,44.506622,33.314009
policeTerror,32.549718,29.966834
policeTerror,66.18602,36.908036
policeTerror,70.759229,34.720361
policeTerror,70.75236,34.956696
policeTerror,62.217115,34.346382
policeTerror,33.803344,31.132164
policeTerror,62.716175,26.07108
policeTerror,81.350022,18.899915
policeTerror,81.214325,18.284592
policeTerror,43.130295,36.340035
policeTerror,74.308888,31.450112
policeTerror,69.18161,34.518238
policeTerror,65.931256,36.217305
policeTerror,39.675992,-4.057744
policeTerror,80.812864,18.79771
policeTerror,35.11114,31.524213
policeTerror,69.365678,30.475091
policeTerror,69.514156,30.498044
policeTerror,68.600175,30.366743
policeTerror,68.868066,36.728591
policeTerror,68.90443,33.29414
policeTerror,88.652079,23.576205
policeTerror,40.742222,36.511667
policeTerror,32.549807,29.966834
policeTerror,67.211702,24.858406
policeTerror,71.073905,36.883582
policeTerror,80.814331,18.797987
policeTerror,80.814331,18.797987
policeTerror,74.461454,34.285858
policeTerror,44.434701,33.223512
policeTerror,31.213905,30.02095
policeTerror,23.734229,37.950012
policeTerror,69.445084,37.157995
policeTerror,66.905639,32.102813
policeTerror,66.325235,31.805837
policeTerror,67.019374,32.186145
policeTerror,69.014888,34.007202
policeTerror,10.532222,10.394167
policeTerror,10.330143,10.271304
policeTerror,44.253056,33.078867
policeTerror,44.413457,33.54631
policeTerror,68.600175,30.366743
policeTerror,101.536173,6.394265
policeTerror,66.366131,31.798995
policeTerror,70.853593,36.921416
policeTerror,70.183406,34.24178
policeTerror,66.994566,24.868401
policeTerror,72.960556,34.489722
policeTerror,122.651762,11.150919
policeTerror,123.44216,13.580829
policeTerror,44.235292,33.63497
policeTerror,66.05885,36.11713
policeTerror,68.488644,35.907028
policeTerror,28.943752,41.015089
policeTerror,36.201324,32.537497
policeTerror,69.828247,34.277465
policeTerror,13.188757,32.868536
policeTerror,49.127513,14.531382
policeTerror,64.733953,31.866723
policeTerror,64.733953,31.866723
policeTerror,80.819502,18.790757
policeTerror,70.459467,31.928739
policeTerror,81.49,20.27
policeTerror,79.627321,17.140239
policeTerror,44.253056,33.079167
policeTerror,63.958611,31.363647
policeTerror,49.125008,14.538182
policeTerror,84.735718,23.68581
policeTerror,70.908049,31.824077
policeTerror,30.846416,29.318498
policeTerror,64.710069,31.854465
policeTerror,44.799064,33.694104
policeTerror,44.434701,33.223512
policeTerror,62.032097,32.501463
policeTerror,62.04039,32.486807
policeTerror,68.866277,36.72835
policeTerror,71.445165,33.602091
policeTerror,-72.457974,8.412236
policeTerror,0.013595,14.781106
policeTerror,71.430131,34.866649
policeTerror,65.865516,36.386884
policeTerror,64.29845,35.687501
policeTerror,68.649842,32.92204
policeTerror,65.484755,36.304119
policeTerror,31.216103,30.062606
policeTerror,44.488947,33.305081
policeTerror,67.129722,25.02271
policeTerror,89.434441,25.303383
policeTerror,74.555116,34.16047
policeTerror,74.84047,33.68056
policeTerror,69.144205,34.819393
policeTerror,68.759211,36.330218
policeTerror,80.816123,18.790598
policeTerror,71.529884,34.738413
policeTerror,61.138411,25.389026
policeTerror,71.037203,34.753272
policeTerror,64.676556,35.77972
policeTerror,63.690671,33.589532
policeTerror,69.17131,32.948371
policeTerror,44.505219,34.535939
policeTerror,44.505219,34.535939
policeTerror,44.505219,34.535939
policeTerror,28.991056,-1.051389
policeTerror,70.134804,31.706888
policeTerror,46.209155,22.755438
policeTerror,69.76059,34.594612
policeTerror,33.803883,31.132043
policeTerror,67.023747,24.930257
policeTerror,66.192943,32.922781
policeTerror,85.494589,25.316256
policeTerror,64.429814,35.571247
policeTerror,64.054454,35.682993
policeTerror,64.234564,35.61892
policeTerror,69.847281,32.343201
policeTerror,43.283574,33.450191
policeTerror,80.779631,21.119301
policeTerror,44.538422,34.276147
policeTerror,81.659273,18.391134
policeTerror,68.84699,34.964151
policeTerror,69.099227,34.214554
policeTerror,44.4,33.3
policeTerror,97.904676,23.979447
policeTerror,33.802708,31.131088
policeTerror,65.693183,31.620014
policeTerror,20.690256,42.91648
policeTerror,81.991659,19.209141
policeTerror,66.324049,31.805388
policeTerror,63.290842,35.04013
policeTerror,67.846322,26.466384
policeTerror,85.823025,23.808091
policeTerror,69.423111,37.065752
policeTerror,33.803014,31.131046
policeTerror,72.099403,34.260796
policeTerror,43.3725,33.453056
policeTerror,61.974422,33.678387
policeTerror,80.81664,18.791402
policeTerror,43.328276,33.440376
policeTerror,80.699672,18.852067
policeTerror,80.715734,18.872964
policeTerror,45.011933,33.994724
policeTerror,101.309038,6.819884
policeTerror,70.777201,34.266816
policeTerror,67.111901,24.814696
policeTerror,45.69972,18.520277
policeTerror,43.493056,34.929167
policeTerror,43.3,33.416667
policeTerror,43.3,33.416667
policeTerror,43.341365,33.455649
policeTerror,43.341365,33.455649
policeTerror,43.341365,33.455649
policeTerror,43.341365,33.455649
policeTerror,43.341365,33.455649
policeTerror,49.1825,11.284722
policeTerror,44.4,33.3
policeTerror,71.453062,34.760409
policeTerror,123.969698,6.923231
policeTerror,124.445006,6.860234
policeTerror,64.361661,31.584121
policeTerror,45.69972,18.520277
policeTerror,31.536797,31.441411
policeTerror,124.448978,6.865836
policeTerror,125.09852,6.950745
policeTerror,44.373779,33.664354
policeTerror,101.424582,6.47675
policeTerror,68.866277,36.72835
policeTerror,65.005053,32.134858
policeTerror,65.005053,32.134858
policeTerror,31.331232,30.128961
policeTerror,21.517902,42.213658
policeTerror,-5.931576,54.610577
policeTerror,90.633597,25.194184
policeTerror,44.4,33.3
policeTerror,44.411087,33.343058
policeTerror,70.598431,34.424656
policeTerror,63.136191,35.812
policeTerror,9.284013,7.16979
policeTerror,65.005053,32.134858
policeTerror,43.783333,33.35
policeTerror,45.383333,34.333333
policeTerror,65.039766,32.143673
policeTerror,71.601512,34.011066
policeTerror,64.632048,31.81376
policeTerror,69.206725,36.197974
policeTerror,69.178762,36.286868
policeTerror,62.119746,32.383535
policeTerror,68.913277,33.692575
policeTerror,68.814039,34.433267
policeTerror,71.123185,34.755467
policeTerror,71.153307,34.877496
policeTerror,71.121736,34.834032
policeTerror,71.121736,34.834032
policeTerror,71.121736,34.834032
policeTerror,71.121736,34.834032
policeTerror,71.121736,34.834032
policeTerror,71.121736,34.834032
policeTerror,71.121736,34.834032
policeTerror,71.121736,34.834032
policeTerror,71.121736,34.834032
policeTerror,69.04295,37.116762
policeTerror,68.925811,33.93706
policeTerror,101.18359,5.931919
policeTerror,101.18354,6.165661
policeTerror,39.009361,32.740792
policeTerror,68.572354,33.267183
policeTerror,69.705056,34.797243
policeTerror,35.238565,31.770701
policeTerror,35.099826,31.532569
policeTerror,80.228918,19.594804
policeTerror,64.809208,35.610519
policeTerror,35.245682,31.780308
policeTerror,75.937321,11.733918
policeTerror,69.216563,33.602144
policeTerror,68.572354,33.267183
policeTerror,66.324431,31.80604
policeTerror,70.850997,35.361161
policeTerror,69.653581,34.848961
policeTerror,65.870388,32.624694
policeTerror,66.991535,24.894265
policeTerror,45.306192,2.04197
policeTerror,74.321337,31.501357
policeTerror,64.866987,36.258398
policeTerror,44.434701,33.223512
policeTerror,126.300016,8.800501
policeTerror,19.100646,44.386232
policeTerror,71.983333,34.383333
policeTerror,68.915823,37.180194
policeTerror,20.082436,32.111164
policeTerror,63.424187,32.163577
policeTerror,64.368874,31.585319
policeTerror,66.911308,32.107527
policeTerror,69.717773,33.569174
policeTerror,63.76864,35.170056
policeTerror,65.684989,31.097641
policeTerror,68.866277,36.72835
policeTerror,65.342702,36.181522
policeTerror,65.484619,36.304295
policeTerror,65.849269,36.858713
policeTerror,65.463681,36.170774
policeTerror,65.442642,36.146532
policeTerror,45.69972,18.520277
policeTerror,42.559745,16.882694
policeTerror,70.090885,33.467621
policeTerror,67.059085,24.883215
policeTerror,44.694639,1.807923
policeTerror,44.373779,33.664354
policeTerror,67.354256,24.869999
policeTerror,-5.959678,54.618686
policeTerror,70.451013,34.849305
policeTerror,69.920405,33.337467
policeTerror,69.920405,33.337467
policeTerror,70.113889,33.443889
policeTerror,65.456432,32.623739
policeTerror,29.391811,-3.344792
policeTerror,29.366667,-3.383333
policeTerror,67.009939,24.861462
policeTerror,66.973333,24.934167
policeTerror,44.623114,33.749899
policeTerror,44.42526,33.295433
policeTerror,45.100047,34.300802
policeTerror,44.42526,33.295433
policeTerror,122.192254,6.606469
policeTerror,122.6223,7.803985
policeTerror,80.946166,26.846694
policeTerror,67.021073,24.860061
policeTerror,66.945189,24.975906
policeTerror,41.874177,3.928872
policeTerror,71.076543,36.781832
policeTerror,71.076543,36.781832
policeTerror,71.076543,36.781832
policeTerror,71.076543,36.781832
policeTerror,71.076543,36.781832
policeTerror,71.076543,36.781832
policeTerror,71.076543,36.781832
policeTerror,71.076543,36.781832
policeTerror,71.076543,36.781832
policeTerror,71.076543,36.781832
policeTerror,71.076543,36.781832
policeTerror,71.076543,36.781832
policeTerror,70.785125,34.265501
policeTerror,64.525269,35.834333
policeTerror,34.240191,31.280267
policeTerror,49.258056,10.923333
policeTerror,71.076543,36.781832
policeTerror,70.158056,32.115
policeTerror,83.89,20.428889
policeTerror,65.701513,31.618212
policeTerror,44.5225,33.236606
policeTerror,43.343897,33.450349
policeTerror,43.343897,33.450349
policeTerror,43.343897,33.450349
policeTerror,43.343897,33.450349
policeTerror,43.343897,33.450349
policeTerror,43.343897,33.450349
policeTerror,43.343897,33.450349
policeTerror,43.343897,33.450349
policeTerror,43.343897,33.450349
policeTerror,43.343897,33.450349
policeTerror,43.343897,33.450349
policeTerror,43.343897,33.450349
policeTerror,43.343897,33.450349
policeTerror,43.343897,33.450349
policeTerror,62.199194,34.340433
policeTerror,40.730296,36.515061
policeTerror,44.228944,17.565604
policeTerror,69.923725,33.336614
policeTerror,34.240191,31.280267
policeTerror,44.057988,34.814213
policeTerror,43.683333,34.6
policeTerror,45.340469,2.032623
policeTerror,66.301389,31.458333
policeTerror,68.942522,32.391988
policeTerror,68.882423,32.910299
policeTerror,70.211068,34.674256
policeTerror,67.130499,24.926295
policeTerror,68.190837,32.850819
policeTerror,33.803276,31.132093
policeTerror,70.772254,34.317813
policeTerror,71.538302,35.302047
policeTerror,70.182716,34.238695
policeTerror,64.525093,35.83363
policeTerror,64.506848,35.858679
policeTerror,64.518153,35.865178
policeTerror,33.803276,31.132093
policeTerror,33.803276,31.132093
policeTerror,44.521936,33.843044
policeTerror,74.836092,33.717003
policeTerror,31.927718,30.811078
policeTerror,31.896667,30.795
policeTerror,90.629295,25.846315
policeTerror,70.415278,32.358889
policeTerror,67.144762,24.882248
policeTerror,44.373779,33.664354
policeTerror,-8.566961,51.934359
policeTerror,50.616667,26.25
policeTerror,70.317778,34.368333
policeTerror,44.391944,33.251389
policeTerror,75.072066,33.827506
policeTerror,79.922211,37.114157
policeTerror,40.309667,0.053177
policeTerror,0,0
policeTerror,79.922211,37.114158
policeTerror,69.15269,34.535955
policeTerror,43.888433,34.124791
policeTerror,68.547073,35.914894
policeTerror,62.121463,32.376695
policeTerror,33.803276,31.132093
policeTerror,71.577624,34.004951
policeTerror,44.228944,17.565604
policeTerror,67.141038,24.908958
policeTerror,43.262615,33.402337
policeTerror,49,16.05
policeTerror,43.918597,33.404852
policeTerror,43.493056,34.929167
policeTerror,66.046353,35.670747
policeTerror,65.727457,31.628749
policeTerror,68.416667,33.55
policeTerror,66.981393,30.139046
policeTerror,80.812864,18.79771
policeTerror,80.006844,20.181843
policeTerror,43.321753,33.420768
policeTerror,0,0
policeTerror,65.685642,31.615843
policeTerror,62.031136,32.453788
policeTerror,65.931873,36.21759
policeTerror,63.143411,35.810307
policeTerror,63.143411,35.810307
policeTerror,66.688756,32.928519
policeTerror,66.688756,32.928519
policeTerror,66.688756,32.928519
policeTerror,66.688756,32.928519
policeTerror,66.688756,32.928519
policeTerror,66.688756,32.928519
policeTerror,66.688756,32.928519
policeTerror,66.688756,32.928519
policeTerror,62.121382,32.376614
policeTerror,68.327033,32.689821
policeTerror,68.785336,33.171683
policeTerror,43.490958,34.901257
policeTerror,61.859766,30.958257
policeTerror,65.872888,32.626588
policeTerror,67.017594,32.186077
policeTerror,65.502657,32.941019
policeTerror,65.536842,32.92057
policeTerror,65.536842,32.92057
policeTerror,125.166667,12.1
policeTerror,63.788611,30.548611
policeTerror,72.0875,34.248333
policeTerror,123.768533,13.107071
policeTerror,100.962253,6.830903
policeTerror,63.367503,34.338022
policeTerror,35.246521,31.779547
policeTerror,71.58049,34.014975
policeTerror,68.869175,32.91123
policeTerror,42.561111,16.889167
policeTerror,80.193086,19.19229
policeTerror,72.3599,34.773647
policeTerror,25.144449,11.278134
policeTerror,30.84285,29.308402
policeTerror,69.539434,36.733966
policeTerror,66.335833,32.378056
policeTerror,70.2825,34.524722
policeTerror,68.102002,33.193665
policeTerror,62.50668,34.87048
policeTerror,38.908668,33.434276
policeTerror,68.868066,36.728591
policeTerror,126.402383,7.092213
policeTerror,30.84285,29.308402
policeTerror,64.105629,35.71907
policeTerror,42.9675,16.529444
policeTerror,62.324085,32.533285
policeTerror,44.235292,33.63497
policeTerror,31.094774,29.07605
policeTerror,-8.566962,51.934359
policeTerror,66.906944,32.106111
policeTerror,65.456432,32.623739
policeTerror,-78.768396,1.807981
policeTerror,68.102002,33.193665
policeTerror,64.836477,32.075659
policeTerror,64.836477,32.075659
policeTerror,64.836477,32.075659
policeTerror,64.836477,32.075659
policeTerror,64.836477,32.075659
policeTerror,64.836477,32.075659
policeTerror,64.836477,32.075659
policeTerror,64.836477,32.075659
policeTerror,64.836477,32.075659
policeTerror,64.836477,32.075659
policeTerror,45.067169,33.695694
policeTerror,45.067169,33.695694
policeTerror,45.067169,33.695694
policeTerror,45.067169,33.695694
policeTerror,65.476082,31.98754
policeTerror,40.381523,-0.185491
policeTerror,64.47316,32.397381
policeTerror,64.47316,32.397381
policeTerror,65.054246,31.623036
policeTerror,68.361139,32.192937
policeTerror,122.705349,14.276771
policeTerror,122.705349,14.276771
policeTerror,68.361139,32.192937
policeTerror,68.361139,32.192937
policeTerror,68.361139,32.192937
policeTerror,40.381955,-0.187016
policeTerror,40.382802,-0.188003
policeTerror,79.607222,37.1875
policeTerror,124.519698,6.723221
policeTerror,81.242411,19.723535
policeTerror,33.793889,31.115
policeTerror,71.221944,34.650278
policeTerror,43.517421,17.665225
policeTerror,67.065287,24.919385
policeTerror,44.554901,33.16715
policeTerror,70.880711,31.824589
policeTerror,70.08861,33.465951
policeTerror,120.939847,14.67149
policeTerror,63.769538,35.167134
policeTerror,63.014758,31.662674
policeTerror,121.000976,6.052645
policeTerror,81.657827,18.39186
policeTerror,74.880683,33.680934
policeTerror,68.416667,33.55
policeTerror,64.587107,35.353762
policeTerror,62.714722,34.243611
policeTerror,68.735355,36.173492
policeTerror,68.735355,36.173492
policeTerror,68.735355,36.173492
policeTerror,42.570567,16.889359
policeTerror,44.507722,33.251575
policeTerror,69.101008,36.064076
policeTerror,65.665857,36.896969
policeTerror,67.272572,35.96069
policeTerror,69.883565,34.283562
policeTerror,70.447778,34.434167
policeTerror,65.372778,36.061944
policeTerror,68.416667,33.55
policeTerror,101.096231,6.729562
policeTerror,43.783333,33.35
policeTerror,43.465862,33.678926
policeTerror,-72.88991,8.29985
policeTerror,86.040233,23.850649
policeTerror,44.436343,33.344096
policeTerror,68.682813,33.075146
policeTerror,43.651925,3.11405
policeTerror,67.951552,35.360637
policeTerror,68.631794,35.925422
policeTerror,68.605631,35.920147
policeTerror,90.563609,25.330097
policeTerror,68.948637,33.970342
policeTerror,31.184317,30.005318
policeTerror,-76.229027,3.251528
policeTerror,43.882725,13.77475
policeTerror,64.348963,31.583543
policeTerror,69.010467,34.013732
policeTerror,68.950205,33.968747
policeTerror,69.024763,34.016135
policeTerror,40.746267,36.507867
policeTerror,64.377428,31.59354
policeTerror,66.046353,35.670747
policeTerror,73.856744,18.52043
policeTerror,81.934386,19.203677
policeTerror,81.934386,19.203677
policeTerror,35.421809,7.197186
policeTerror,44.395746,35.470616
policeTerror,43.874561,34.19434
policeTerror,70.446462,31.767856
policeTerror,31.336853,29.848319
policeTerror,65.704341,31.613774
policeTerror,67.012267,30.195202
policeTerror,13.633725,32.434004
policeTerror,64.108435,31.483653
policeTerror,66.196112,33.430231
policeTerror,66.284319,33.33766
policeTerror,66.208038,33.425356
policeTerror,66.284319,33.33766
policeTerror,66.228197,33.395628
policeTerror,66.284319,33.33766
policeTerror,66.221964,33.411157
policeTerror,69.961499,33.943555
policeTerror,62.52116,32.612583
policeTerror,62.738082,32.689844
policeTerror,66.218128,33.435091
policeTerror,66.218128,33.431985
policeTerror,66.218128,33.431985
policeTerror,66.218128,33.431985
policeTerror,66.218128,33.431985
policeTerror,44.434701,33.223512
policeTerror,65.514977,31.913971
policeTerror,60.874598,31.498091
policeTerror,69.430799,34.81272
policeTerror,33.803276,31.132093
policeTerror,33.803276,31.132093
policeTerror,67.04959,24.871981
policeTerror,65.177283,35.636695
policeTerror,62.686585,34.24102
policeTerror,62.683819,34.231476
policeTerror,70.577273,37.118926
policeTerror,68.879797,36.511639
policeTerror,62.906837,34.894706
policeTerror,63.765444,34.032219
policeTerror,44.278691,33.370243
policeTerror,43.918597,33.404852
policeTerror,94.301304,24.251281
policeTerror,84.227692,23.215022
policeTerror,35.302119,32.462068
policeTerror,71.582729,34.013925
policeTerror,67.012267,30.195202
policeTerror,-76.608456,5.372373
policeTerror,-76.70002,2.34996
policeTerror,69.877883,34.284344
policeTerror,65.876874,32.623121
policeTerror,-6.076768,10.31921
policeTerror,68.868989,32.910951
policeTerror,-76.904997,0.423385
policeTerror,30.61394,29.287027
policeTerror,34.110425,31.211645
policeTerror,-77.518453,0.853304
policeTerror,81.659273,18.391134
policeTerror,81.18164,18.340368
policeTerror,62.508571,34.869942
policeTerror,62.508571,34.869942
policeTerror,62.508571,34.869942
policeTerror,63.19328,34.370913
policeTerror,62.508571,34.869942
policeTerror,80.812864,18.79771
policeTerror,64.267577,31.665838
policeTerror,65.753784,31.12649
policeTerror,67.194982,24.900462
policeTerror,33.803276,31.132093
policeTerror,64.779266,32.351956
policeTerror,68.539691,33.466408
policeTerror,124.884424,11.772923
policeTerror,122.695547,11.242199
policeTerror,69.152935,29.036351
policeTerror,30.84285,29.308402
policeTerror,65.753871,36.667954
policeTerror,44.253056,33.079167
policeTerror,15.06776,12.089724
policeTerror,15.033817,12.112509
policeTerror,101.509202,6.177201
policeTerror,68.101212,33.197054
policeTerror,69.917413,33.337247
policeTerror,68.923983,35.759862
policeTerror,13.632912,50.501555
policeTerror,80.715734,18.872964
policeTerror,68.815548,36.701483
policeTerror,69.159609,29.035997
policeTerror,64.854876,32.071545
policeTerror,64.852587,32.0711
policeTerror,64.853964,32.069319
policeTerror,8.342447,4.97408
policeTerror,33.803276,31.132093
policeTerror,33.803276,31.132093
policeTerror,33.803276,31.132093
policeTerror,75.103907,33.792909
policeTerror,70.662016,32.927051
policeTerror,33.803276,31.132093
policeTerror,43.918597,33.404852
policeTerror,43.864934,33.164486
policeTerror,44.34494,33.381146
policeTerror,43.493056,34.929167
policeTerror,30.84285,29.308402
policeTerror,33.803276,31.132093
policeTerror,71.27425,34.532973
policeTerror,63.197323,34.370913
policeTerror,68.440556,34.051667
policeTerror,68.714007,34.007712
policeTerror,69.923725,33.336614
policeTerror,-7.178838,55.023201
policeTerror,33.803276,31.132093
policeTerror,-74.02371,3.52721
policeTerror,29.37175,-3.341736
policeTerror,29.378748,-3.372967
policeTerror,29.377297,-3.409668
policeTerror,29.372922,-3.370234
policeTerror,64.802542,32.317485
policeTerror,65.934674,36.216467
policeTerror,44.986984,12.78173
policeTerror,45.12134,2.139288
policeTerror,81.18164,18.340368
policeTerror,68.105303,33.194977
policeTerror,74.461454,34.285858
policeTerror,28.566667,3.616667
policeTerror,44.472444,33.314773
policeTerror,41.214075,37.048136
policeTerror,35.230585,31.783985
policeTerror,43.3,33.416667
policeTerror,29.365778,-3.381513
policeTerror,68.814303,36.296755
policeTerror,33.803276,31.132093
policeTerror,68.089484,33.191181
policeTerror,68.667127,36.003598
policeTerror,33.803276,31.132093
policeTerror,33.803276,31.132093
policeTerror,29.361554,-3.378727
policeTerror,68.749373,36.176504
policeTerror,75.989641,39.46616
policeTerror,33.617577,30.608472
policeTerror,124.415014,6.926258
policeTerror,40.741966,36.511821
policeTerror,63.462485,35.122299
policeTerror,67.166266,29.378458
policeTerror,71.582729,34.013925
policeTerror,38.349653,36.899389
policeTerror,69.422293,37.067603
policeTerror,63.424597,32.164104
policeTerror,70.145581,34.689769
policeTerror,69.42273,37.068304
policeTerror,69.424042,37.069006
policeTerror,24.003817,49.824701
policeTerror,70.103037,34.753466
policeTerror,93.934614,24.804849
policeTerror,66.719635,32.917796
policeTerror,68.903288,36.510918
policeTerror,30.76809,46.429645
policeTerror,68.417397,33.545059
policeTerror,123.781102,12.934551
policeTerror,65.682692,31.620693
policeTerror,8.237705,4.807369
policeTerror,66.991099,30.182025
policeTerror,71.601359,33.99773
policeTerror,71.74278,34.149739
policeTerror,43.78367,33.345575
policeTerror,69.43774,37.383558
policeTerror,65.875085,32.623655
policeTerror,65.879269,32.631262
policeTerror,64.375836,31.599043
policeTerror,65.845813,36.029713
policeTerror,30.91398,29.938126
policeTerror,44.010392,13.574698
policeTerror,29.918739,31.200092
policeTerror,31.094774,29.07605
policeTerror,65.737175,31.628871
policeTerror,-72.737733,8.642356
policeTerror,124.415014,6.926258
policeTerror,29.366667,-3.383333
policeTerror,29.368588,-3.341116
policeTerror,34.110425,31.211645
policeTerror,63.64458,34.863638
policeTerror,67.080797,30.706376
policeTerror,-75.054209,3.151685
policeTerror,-77.885469,2.571287
policeTerror,14.4378,50.075538
policeTerror,68.664539,34.479385
policeTerror,68.664539,34.479385
policeTerror,68.664539,34.479385
policeTerror,68.664539,34.479385
policeTerror,68.664539,34.479385
policeTerror,68.664539,34.479385
policeTerror,44.186894,33.586185
policeTerror,68.761631,33.463336
policeTerror,65.570785,32.640755
policeTerror,68.572411,33.26308
policeTerror,68.667803,34.472681
policeTerror,68.667803,34.472681
policeTerror,68.667803,34.472681
policeTerror,68.667803,34.472681
policeTerror,68.667803,34.472681
policeTerror,68.667803,34.472681
policeTerror,-5.903654,54.600111
policeTerror,77.57842,23.099165
policeTerror,62.136421,33.307049
policeTerror,61.201502,34.653915
policeTerror,40.400121,21.276647
policeTerror,66.981847,30.103246
policeTerror,-73.626268,8.959667
policeTerror,68.23801,32.68567
policeTerror,69.18022,34.21041
policeTerror,124.444639,6.861859
policeTerror,21.74295,32.760942
policeTerror,14.4378,50.075538
policeTerror,65.70216,31.612835
policeTerror,68.709536,35.943802
policeTerror,71.127398,34.910931
policeTerror,71.127398,34.910931
policeTerror,71.127398,34.910931
policeTerror,71.127398,34.910931
policeTerror,33.803276,31.132093
policeTerror,33.793889,31.115
policeTerror,34.164167,31.156389
policeTerror,44.410383,33.192554
policeTerror,3.893216,36.381655
policeTerror,-75.619941,0.872837
policeTerror,68.547073,35.914894
policeTerror,67.028587,24.911098
policeTerror,32.055194,3.600979
policeTerror,8.833333,9.516667
policeTerror,65.749062,36.681715
policeTerror,40.900609,-2.26956
policeTerror,64.293428,35.687365
policeTerror,64.293428,35.687365
policeTerror,62.16025,32.669377
policeTerror,61.981391,32.677851
policeTerror,69.256111,34.995556
policeTerror,71.583423,34.020102
policeTerror,31.719546,30.732662
policeTerror,63.295,33.123056
policeTerror,69.221455,34.510438
policeTerror,69.031454,33.435888
policeTerror,71.35,35.216667
policeTerror,44.820833,43.0625
policeTerror,45.086073,32.907827
policeTerror,43.891256,34.196067
policeTerror,33.803276,31.132093
policeTerror,31.097145,29.075656
policeTerror,68.868066,36.728591
policeTerror,67.723333,32.761667
policeTerror,68.431944,33.367222
policeTerror,68.421639,33.622478
policeTerror,74.835984,33.71787
policeTerror,-73.354165,8.234801
policeTerror,-77.249334,2.25575
policeTerror,101.510615,6.180501
policeTerror,100.323161,6.66714
policeTerror,43.455254,33.414598
policeTerror,81.508949,18.155196
policeTerror,65.873015,32.626454
policeTerror,71.606558,34.012919
policeTerror,66.093475,36.168995
policeTerror,71.792712,34.803923
policeTerror,29.366667,-3.383333
policeTerror,-77.23162,2.34071
policeTerror,12.61588,13.313247
policeTerror,39.205563,-6.857631
policeTerror,70.734509,33.80686
policeTerror,68.862311,36.72169
policeTerror,-56.561647,-24.194867
policeTerror,67.00178,30.165686
policeTerror,40.900609,-2.26956
policeTerror,80.808598,19.081216
policeTerror,81.660051,18.393021
policeTerror,87.627704,43.793025
policeTerror,62.190721,34.333926
policeTerror,68.524715,32.264539
policeTerror,65.063611,34.470556
policeTerror,-7.327465,54.994957
policeTerror,121.102692,14.650512
policeTerror,64.864769,33.68856
policeTerror,30.84285,29.308402
policeTerror,74.555442,34.161117
policeTerror,44.201111,15.386944
policeTerror,23.947438,49.830186
policeTerror,24.00954,49.861445
policeTerror,30.84285,29.308402
policeTerror,75.071394,33.67913
policeTerror,50.60289,26.143685
policeTerror,64.344563,31.59261
policeTerror,65.451944,32.171944
policeTerror,31.315144,30.093186
policeTerror,46.716667,24.633333
policeTerror,43.895811,34.10729
policeTerror,69.166667,34.533333
policeTerror,70.209492,34.665599
policeTerror,71.554591,34.218576
policeTerror,-71.736282,6.45929
policeTerror,80.726036,18.86066
policeTerror,44.23616,33.636754
policeTerror,62.221617,34.19829
policeTerror,-56.561647,-24.194867
policeTerror,72.461557,34.166596
policeTerror,50.510833,26.230556
policeTerror,-76.695409,2.954383
policeTerror,70.9063,31.838464
policeTerror,50.60289,26.143685
policeTerror,-6.334551,54.463526
policeTerror,124.122775,12.920182
policeTerror,29.362781,-3.354623
policeTerror,11.965948,11.747168
policeTerror,28.869896,41.100368
policeTerror,14.568824,32.46992
policeTerror,40.053803,36.851721
policeTerror,33.803276,31.132093
policeTerror,33.803276,31.132093
policeTerror,44.253466,33.077411
policeTerror,41.129283,37.889517
policeTerror,68.927134,33.938209
policeTerror,65.049683,32.270119
policeTerror,40.222304,37.900955
policeTerror,66.981593,30.139392
policeTerror,44.487904,33.26486
policeTerror,64.57,31.820833
policeTerror,69.113333,35.277778
policeTerror,41.028993,38.261642
policeTerror,44.57696,37.303442
policeTerror,40.668495,37.849762
policeTerror,65.293276,28.332526
policeTerror,71.185278,36.761111
policeTerror,28.966797,41.055481
policeTerror,40.208413,37.925578
policeTerror,41.941978,37.927404
policeTerror,34.110425,31.211645
policeTerror,70.457603,34.421061
policeTerror,67.415893,32.503195
policeTerror,69.539419,36.733878
policeTerror,67.080797,30.703112
policeTerror,62.713802,26.069145
policeTerror,41.213997,37.069644
policeTerror,33.803276,31.132093
policeTerror,34.240191,31.280267
policeTerror,34.110425,31.211645
policeTerror,84.039149,20.142634
policeTerror,42.281308,38.502045
policeTerror,42.279839,38.518103
policeTerror,65.866667,35.816667
policeTerror,62.479769,32.625149
policeTerror,67.003506,30.185968
policeTerror,67.003506,30.185968
policeTerror,75.463456,32.126683
policeTerror,75.463456,32.126683
policeTerror,42.185474,37.332346
policeTerror,43.359797,39.031154
policeTerror,14.639471,12.237964
policeTerror,68.416667,37
policeTerror,62.629167,34.224722
policeTerror,66.998734,30.182971
policeTerror,50.611844,26.162571
policeTerror,73.108196,31.410091
policeTerror,42.185474,37.332346
policeTerror,40.652057,38.453188
policeTerror,49.996,26.556
policeTerror,65.665857,36.896969
policeTerror,101.818202,6.21524
policeTerror,71.187182,30.09477
policeTerror,40.417115,37.723074
policeTerror,31.147341,29.978018
policeTerror,75.148642,33.733447
policeTerror,74.074728,32.571105
policeTerror,75.018044,33.644947
policeTerror,29.366667,-3.383333
policeTerror,42.109502,38.400569
policeTerror,44.212768,37.603309
policeTerror,65.3525,36.193333
policeTerror,42.185474,37.332346
policeTerror,40.208413,37.925578
policeTerror,21.428175,41.997413
policeTerror,44.460661,33.324234
policeTerror,101.104109,6.451894
policeTerror,43.517421,17.665225
policeTerror,34.873613,37.425584
policeTerror,74.662948,34.135169
policeTerror,44.253466,33.077411
policeTerror,122.988681,13.034587
policeTerror,75.072066,33.876606
policeTerror,36.2464,37.074628
policeTerror,43.05896,38.007844
policeTerror,44.434701,33.426411
policeTerror,66.713864,33.0362
policeTerror,33.803778,31.13171
policeTerror,-7.455175,54.820039
policeTerror,101.15288,6.799027
policeTerror,123.314933,13.318923
policeTerror,43.13,36.34
policeTerror,29.121218,-2.888182
policeTerror,30.842129,29.312292
policeTerror,41.009861,38.500119
policeTerror,41.213997,37.069644
policeTerror,3.895445,36.367051
policeTerror,45.318162,2.046934
policeTerror,65.084586,32.316873
policeTerror,45.149451,33.773349
policeTerror,29.121218,-2.888182
policeTerror,101.491187,6.147037
policeTerror,68.301119,26.591131
policeTerror,69.01255,34.005245
policeTerror,65.70207,31.611436
policeTerror,75.550107,32.810289
policeTerror,69.100806,34.526942
policeTerror,66.908203,32.104789
policeTerror,42.46589,37.27986
policeTerror,28.900439,41.048289
policeTerror,42.474367,37.25525
policeTerror,41.350359,37.420683
policeTerror,30.930947,29.55715
policeTerror,70.467832,34.41926
policeTerror,91.290612,25.566037
policeTerror,84.195341,24.113232
policeTerror,70.813892,36.725157
policeTerror,33.802411,31.130965
policeTerror,64.557478,31.817767
policeTerror,84.195341,24.113232
policeTerror,29.261946,40.968423
policeTerror,42.469318,37.248644
policeTerror,40.652057,38.453188
policeTerror,29.261946,40.967609
policeTerror,101.491187,6.147037
policeTerror,64.840785,32.062143
policeTerror,45.204038,4.734026
policeTerror,31.324249,30.092317
policeTerror,66.880641,32.064163
policeTerror,64.772181,32.345101
policeTerror,64.772181,32.345101
policeTerror,27.244096,38.462655
policeTerror,45.338943,2.032617
policeTerror,84.428946,23.958491
policeTerror,67.02702,24.952968
policeTerror,68.54744,35.917147
policeTerror,67.133365,24.816117
policeTerror,70.449766,34.428654
policeTerror,39.209312,39.349569
policeTerror,74.817727,34.091961
policeTerror,75.24153,33.710274
policeTerror,66.261398,28.494179
policeTerror,64.777245,32.357992
policeTerror,43.673608,39.54037
policeTerror,-7.994395,12.642995
policeTerror,40.966934,-1.716717
policeTerror,65.740894,37.521901
policeTerror,69.100689,34.209997
policeTerror,76.748463,30.809273
policeTerror,68.543641,28.518007
policeTerror,41.213997,37.069644
policeTerror,40.210983,37.924973
policeTerror,44.282055,37.570354
policeTerror,41.213997,37.069644
policeTerror,41.012807,38.141225
policeTerror,72.545623,35.207235
policeTerror,44.253056,33.079167
policeTerror,44.57696,37.303442
policeTerror,41.936729,37.942229
policeTerror,42.281276,38.501998
policeTerror,41.673673,39.978529
policeTerror,35.258232,32.153858
policeTerror,43.873365,34.198835
policeTerror,90.526736,25.563422
policeTerror,90.486719,25.905133
policeTerror,42.565977,16.887294
policeTerror,44.505496,33.254746
policeTerror,71.10245,37.06061
policeTerror,62.735241,32.685043
policeTerror,122.500626,11.134689
policeTerror,68.418376,33.546669
policeTerror,63.837662,34.881999
policeTerror,64.371736,31.590537
policeTerror,61.384771,35.419907
policeTerror,29.447001,-1.185664
policeTerror,35.257143,32.116652
policeTerror,71.563231,34.009611
policeTerror,74.462313,34.286689
policeTerror,66.531891,25.842807
policeTerror,44.253056,33.079167
policeTerror,80.72059,18.858238
policeTerror,29.373744,-0.017202
policeTerror,69.082992,28.138866
policeTerror,10.634542,35.822324
policeTerror,43.493056,34.929167
policeTerror,43.493056,34.929167
policeTerror,68.998145,32.432392
policeTerror,41.228351,37.055129
policeTerror,71.660843,34.048284
policeTerror,40.201953,37.925638
policeTerror,43.525278,33.384444
policeTerror,69.168091,34.535462
policeTerror,121.655155,-1.342116
policeTerror,43.3,33.416667
policeTerror,68.912938,37.181478
policeTerror,61.933279,33.656581
policeTerror,66.703408,33.032215
policeTerror,68.71227,35.943513
policeTerror,69.287754,35.804295
policeTerror,28.662622,41.032783
policeTerror,42.565977,16.887294
policeTerror,43.483521,33.399059
policeTerror,81.952983,19.107414
policeTerror,67.02121,30.162917
policeTerror,65.465033,33.242649
policeTerror,44.282055,37.570354
policeTerror,41.213997,37.069644
policeTerror,44.068778,39.547074
policeTerror,44.068778,39.547074
policeTerror,40.210983,37.924973
policeTerror,68.75111,36.171466
policeTerror,41.213997,37.069644
policeTerror,70.449766,34.428654
policeTerror,39.176184,21.543257
policeTerror,-0.462031,14.678733
policeTerror,30.417069,31.400744
policeTerror,67.069284,24.904352
policeTerror,44.401651,33.423277
policeTerror,65.748532,36.667743
policeTerror,66.981416,30.140605
policeTerror,67.484978,28.613188
policeTerror,33.803778,31.13171
policeTerror,71.153734,34.874215
policeTerror,40.496625,38.885464
policeTerror,67.015364,24.855559
policeTerror,66.134406,32.918212
policeTerror,33.801818,31.132792
policeTerror,39.456119,38.135092
policeTerror,35.230546,31.784173
policeTerror,35.246462,31.77981
policeTerror,42.469318,37.248644
policeTerror,43.375882,38.491659
policeTerror,92.506468,21.785737
policeTerror,67.084957,24.94641
policeTerror,70.602524,32.988177
policeTerror,44.281944,35.536944
policeTerror,64.207871,31.132639
policeTerror,65.054289,36.20501
policeTerror,43.249189,38.420904
policeTerror,44.79977,39.654012
policeTerror,44.506622,33.314009
policeTerror,67.015742,24.932983
policeTerror,62.726649,34.264978
policeTerror,66.139379,32.90268
policeTerror,39.827674,39.181189
policeTerror,38.817973,37.173411
policeTerror,40.583705,37.192069
policeTerror,50.510972,26.231223
policeTerror,44.5078,33.251506
policeTerror,68.386179,33.213948
policeTerror,68.405843,33.303239
policeTerror,68.102397,33.193524
policeTerror,62.603813,34.491316
policeTerror,62.364894,33.252096
policeTerror,70.449766,34.428654
policeTerror,31.69428,26.559551
policeTerror,39.009361,32.740792
policeTerror,68.4179,33.325
policeTerror,43.584719,33.3806
policeTerror,39.907231,37.957864
policeTerror,42.469318,37.248644
policeTerror,72.063867,34.193024
policeTerror,67.127258,24.928886
policeTerror,67.13184,24.825671
policeTerror,42.469318,37.248644
policeTerror,73.087742,33.633727
policeTerror,44.26214,33.537227
policeTerror,44.253056,33.079167
policeTerror,81.412506,18.182746
policeTerror,31.099588,29.066844
policeTerror,42.019535,37.361051
policeTerror,62.182163,33.668134
policeTerror,93.696489,24.342235
policeTerror,41.129283,37.889517
policeTerror,74.473818,31.591728
policeTerror,66.976903,30.1042
policeTerror,64.127378,30.944939
policeTerror,39.83604,38.72967
policeTerror,40.267937,37.364657
policeTerror,68.28478,32.302876
policeTerror,41.720324,37.546026
policeTerror,80.92423,18.559757
policeTerror,39.548259,39.10617
policeTerror,42.185474,37.332346
policeTerror,81.394917,18.61737
policeTerror,68.787038,38.559772
policeTerror,69.016689,38.562525
policeTerror,122.144832,6.660596
policeTerror,40.2391,37.912504
policeTerror,40.243186,37.912368
policeTerror,70.64019,30.032259
policeTerror,44.391467,33.254255
policeTerror,67.394961,32.497867
policeTerror,66.124171,32.881164
policeTerror,66.124171,32.881164
policeTerror,66.122972,32.880569
policeTerror,66.122972,32.880569
policeTerror,65.054543,31.622276
policeTerror,68.701766,33.5687
policeTerror,69.925475,33.816537
policeTerror,30.343551,30.848099
policeTerror,75.014623,33.919227
policeTerror,34.89521,36.916561
policeTerror,69.170669,34.531084
policeTerror,68.57773,34.08968
policeTerror,44.044637,39.916839
policeTerror,41.720324,37.546026
policeTerror,39.54141,39.106475
policeTerror,42.185474,37.332346
policeTerror,69.186679,34.516545
policeTerror,13.191338,32.887209
policeTerror,39.547762,39.106376
policeTerror,36.441051,33.591352
policeTerror,68.45795,33.581484
policeTerror,50.556604,26.207184
policeTerror,80.808911,18.803305
policeTerror,40.185198,37.935397
policeTerror,42.967501,16.529493
policeTerror,67.067307,24.883754
policeTerror,70.908635,31.833285
policeTerror,66.132969,32.07005
policeTerror,71.338548,35.40976
policeTerror,40.209342,37.924246
policeTerror,71.496353,33.955182
policeTerror,42.185474,37.332346
policeTerror,70.051889,33.510297
policeTerror,65.550511,27.102765
policeTerror,44.635831,33.750513
policeTerror,44.423112,33.325812
policeTerror,42.454371,37.524148
policeTerror,41.012807,38.141225
policeTerror,44.773299,33.927271
policeTerror,68.417397,33.545059
policeTerror,-71.429497,7.029345
policeTerror,-71.558878,6.492122
policeTerror,42.560818,16.889586
policeTerror,41.720324,37.546026
policeTerror,40.780811,38.253757
policeTerror,40.780772,38.253866
policeTerror,40.210983,37.924973
policeTerror,44.282299,37.571716
policeTerror,41.254482,31.926022
policeTerror,68.390119,32.729749
policeTerror,65.833987,35.778866
policeTerror,33.799313,31.130253
policeTerror,66.687686,32.937715
policeTerror,41.213785,37.070296
policeTerror,43.744984,37.445932
policeTerror,66.674957,36.677784
policeTerror,35.250105,32.118708
policeTerror,85.915097,20.539358
policeTerror,44.409909,33.328275
policeTerror,44.420093,33.325622
policeTerror,62.129949,32.362353
policeTerror,62.129949,32.362353
policeTerror,42.29493,38.490844
policeTerror,67.022519,24.92394
policeTerror,23.729364,37.983575
policeTerror,13.405686,52.518071
policeTerror,13.186767,32.887065
policeTerror,65.53099,31.966073
policeTerror,65.054543,31.622276
policeTerror,66.685427,32.342871
policeTerror,70.749937,34.957191
policeTerror,126.167054,9.234649
policeTerror,126.165522,9.234873
policeTerror,71.131616,37.06663
policeTerror,121.020864,5.94255
policeTerror,69.023003,34.000668
policeTerror,82.572765,27.876714
policeTerror,71.547345,34.182804
policeTerror,71.555369,34.218013
policeTerror,-2.970918,13.751163
policeTerror,33.803276,31.132093
policeTerror,14.136887,11.047682
policeTerror,65.765101,31.129304
policeTerror,43.528785,33.384739
policeTerror,68.021336,36.265456
policeTerror,44.284264,37.572424
policeTerror,69.098707,33.499989
policeTerror,45.600711,18.351466
policeTerror,44.656072,33.812786
policeTerror,63.010958,34.282591
policeTerror,39.221167,39.236597
policeTerror,121.059917,6.068085
policeTerror,101.252342,6.852771
policeTerror,68.350297,25.390322
policeTerror,66.815963,36.989115
policeTerror,101.388409,6.494913
policeTerror,71.555369,34.218013
policeTerror,68.822226,32.889975
policeTerror,40.601416,39.002406
policeTerror,70.274084,34.398515
policeTerror,43.29321,35.798082
policeTerror,43.29321,35.798082
policeTerror,43.293443,35.799639
policeTerror,43.293443,35.799639
policeTerror,43.015529,28.104333
policeTerror,43.015529,28.104333
policeTerror,67.578252,28.399674
policeTerror,71.806589,34.383795
policeTerror,43.240118,35.492595
policeTerror,29.368588,-3.341116
policeTerror,61.482178,34.371984
policeTerror,43.149996,16.800006
policeTerror,43.149996,16.800006
policeTerror,78.123128,20.396561
policeTerror,13.191338,32.887209
policeTerror,33.799313,31.130253
policeTerror,62.139749,33.307049
policeTerror,13.186767,32.887065
policeTerror,70.667057,34.082172
policeTerror,70.667057,34.082172
policeTerror,70.667057,34.082172
policeTerror,70.667376,34.082172
policeTerror,70.667376,34.082161
policeTerror,70.667376,34.082161
policeTerror,70.667376,34.082161
policeTerror,70.667376,34.082161
policeTerror,70.667376,34.082161
policeTerror,70.667376,34.082161
policeTerror,30.720829,46.486467
policeTerror,66.638039,29.351731
policeTerror,43.719778,37.446694
policeTerror,35.330829,36.991419
policeTerror,80.670323,19.132321
policeTerror,18.546044,4.385098
policeTerror,31.251191,29.831555
policeTerror,41.48877,38.194714
policeTerror,43.531262,33.386534
policeTerror,71.43265,33.956718
policeTerror,95.663547,27.632996
policeTerror,43.531262,33.386534
policeTerror,102.059451,6.217761
policeTerror,67.198115,24.897323
policeTerror,44.253186,33.078996
policeTerror,90.653747,25.512051
policeTerror,42.491834,37.418748
policeTerror,66.906472,32.102964
policeTerror,18.350367,30.629411
policeTerror,18.350367,30.629411
policeTerror,81.521241,19.117208
policeTerror,69.14371,36.225089
policeTerror,68.709536,35.943802
policeTerror,66.912911,25.0529
policeTerror,44.334987,33.362183
policeTerror,7.244026,8.876564
policeTerror,71.225247,36.722866
policeTerror,151.003278,-33.815129
policeTerror,70.16133,34.199315
policeTerror,70.871322,37.003821
policeTerror,45.294693,2.021261
policeTerror,33.803276,31.132093
policeTerror,81.448929,18.169466
policeTerror,29.371008,-3.335121
policeTerror,29.367066,-3.380675
policeTerror,68.417397,33.545059
policeTerror,44.70296,33.376952
policeTerror,30.84285,29.308402
policeTerror,12.765904,15.411662
policeTerror,44.571408,37.30012
policeTerror,69.207486,34.555349
policeTerror,70.615529,34.160309
policeTerror,70.472311,34.419999
policeTerror,35.202004,31.719308
policeTerror,65.927645,36.221528
policeTerror,64.894095,36.412544
policeTerror,31.646348,31.02314
policeTerror,65.348845,36.205767
policeTerror,69.207486,34.555349
policeTerror,70.621679,34.171831
policeTerror,44.268036,33.186357
policeTerror,35.297955,31.777369
policeTerror,35.23205,31.766768
policeTerror,75.713888,19.75148
policeTerror,68.572411,33.26308
policeTerror,120.754062,-1.394556
policeTerror,101.541857,6.682393
policeTerror,46.173253,42.56089
policeTerror,67.067268,24.882233
policeTerror,67.028587,24.911098
policeTerror,31.270811,30.070333
policeTerror,62.028658,32.48161
policeTerror,62.028083,32.479962
policeTerror,62.124857,32.376434
policeTerror,69.657758,34.855505
policeTerror,69.649461,34.855299
policeTerror,-4.933291,11.389358
policeTerror,40.357421,38.233626
policeTerror,41.012292,38.142658
policeTerror,35.312956,32.508814
policeTerror,72.161549,34.287036
policeTerror,30.914504,29.935959
policeTerror,35.115625,31.529326
policeTerror,35.234386,31.813873
policeTerror,62.614227,34.277822
policeTerror,80.809047,18.569995
policeTerror,40.240219,37.91033
policeTerror,63.29266,35.037651
policeTerror,35.230467,31.781677
policeTerror,101.655121,6.223017
policeTerror,73.985024,31.716662
policeTerror,35.411512,7.203306
policeTerror,35.297955,31.777369
policeTerror,0,0
policeTerror,63.014758,31.662674
policeTerror,33.803186,31.13205
policeTerror,43.9863,34.045419
policeTerror,68.681999,35.775196
policeTerror,101.879767,6.084371
policeTerror,35.23688,31.780862
policeTerror,35.232216,31.755888
policeTerror,72.437589,34.572287
policeTerror,44.014433,34.033021
policeTerror,44.422037,33.324454
policeTerror,65.001476,31.496295
policeTerror,71.127397,34.91093
policeTerror,29.362929,-3.352977
policeTerror,81.318646,18.245703
policeTerror,84.016629,25.065947
policeTerror,64.47316,32.397381
policeTerror,64.431892,32.400023
policeTerror,64.566027,31.823696
policeTerror,33.803186,31.13205
policeTerror,35.230424,31.781722
policeTerror,29.917284,31.201967
policeTerror,43.375591,38.500718
policeTerror,45.500733,2.77986
policeTerror,69.35927,36.420649
policeTerror,-5.912478,54.598131
policeTerror,121.034669,6.068588
policeTerror,42.453714,37.518974
policeTerror,68.919665,35.766255
policeTerror,45.38617,2.358455
policeTerror,67.773521,32.806122
policeTerror,35.246174,31.797228
policeTerror,86.091174,24.008544
policeTerror,76.647001,11.102269
policeTerror,121.102294,6.063022
policeTerror,70.472311,34.419999
policeTerror,124.294623,8.001024
policeTerror,35.099826,31.532569
policeTerror,35.099826,31.532569
policeTerror,35.236047,31.749309
policeTerror,-7.418241,54.756933
policeTerror,80.703422,19.29994
policeTerror,64.240209,31.640079
policeTerror,64.268052,31.657277
policeTerror,64.314238,31.678453
policeTerror,71.144815,36.700322
policeTerror,71.144815,36.700322
policeTerror,33.803186,31.13205
policeTerror,67.588196,30.216115
policeTerror,101.593027,6.717959
policeTerror,63.91133,35.649546
policeTerror,62.147766,33.294136
policeTerror,66.444994,30.922954
policeTerror,66.983363,30.103569
policeTerror,64.239832,31.63957
policeTerror,44.422171,33.325812
policeTerror,102.061687,6.253722
policeTerror,64.354054,31.667757
policeTerror,101.084275,6.728299
policeTerror,33.728305,31.123971
policeTerror,66.415434,30.996752
policeTerror,121.102294,6.063023
policeTerror,35.260324,31.955101
policeTerror,44.401016,33.190183
policeTerror,90.344243,23.783716
policeTerror,69.937167,33.333847
policeTerror,33.803276,31.132093
policeTerror,72.464278,34.116416
policeTerror,33.803276,31.132093
policeTerror,31.099776,29.066013
policeTerror,93.906269,24.663717
policeTerror,81.659273,18.391134
policeTerror,45.033393,12.799717
policeTerror,35.099826,31.532569
policeTerror,31.000376,30.786509
policeTerror,34.239478,31.265221
policeTerror,29.391237,-3.343752
policeTerror,68.33873,32.208289
policeTerror,68.333326,32.207525
policeTerror,64.775566,35.918641
policeTerror,43.474097,33.683078
policeTerror,71.376219,34.341341
policeTerror,71.318379,34.545867
policeTerror,43.5474,34.675971
policeTerror,81.659273,18.391134
policeTerror,69.526124,33.688122
policeTerror,68.882423,32.910299
policeTerror,47.116596,42.822275
policeTerror,80.721442,18.860831
policeTerror,33.803186,31.13205
policeTerror,35.246521,31.779547
policeTerror,101.059862,6.487717
policeTerror,101.244321,6.56224
policeTerror,33.803276,31.132093
policeTerror,65.000854,33.534235
policeTerror,74.282486,19.16135
policeTerror,35.257341,32.116041
policeTerror,69.918947,33.809862
policeTerror,44.972015,12.849057
policeTerror,35.128303,31.564738
policeTerror,64.621428,31.76147
policeTerror,63.00502,31.773045
policeTerror,124.122866,12.920444
policeTerror,67.916443,27.380021
policeTerror,69.911399,33.791877
policeTerror,69.911399,33.791877
policeTerror,64.117058,31.553875
policeTerror,44.069366,35.675471
policeTerror,33.803209,31.132074
policeTerror,35.099904,31.57989
policeTerror,68.868115,36.72944
policeTerror,68.693255,36.814423
policeTerror,68.868143,36.729526
policeTerror,90.322927,23.899664
policeTerror,60.750488,26.223519
policeTerror,44.328386,33.277992
policeTerror,74.797522,34.084896
policeTerror,67.197314,24.90284
policeTerror,44.26214,33.537227
policeTerror,43.412913,34.927982
policeTerror,66.685433,31.976058
policeTerror,41.012807,38.141225
policeTerror,64.147824,26.730322
policeTerror,16.588864,31.205448
policeTerror,43.41294,34.927815
policeTerror,90.487883,25.898183
policeTerror,62.136421,33.307049
policeTerror,43.745957,34.366154
policeTerror,70.461111,34.116944
policeTerror,70.461173,34.118745
policeTerror,41.226816,37.07388
policeTerror,36.211077,31.796295
policeTerror,65.453325,32.617053
policeTerror,49.998236,26.576492
policeTerror,43.905516,34.166004
policeTerror,40.54269,38.106637
policeTerror,80.151445,17.247253
policeTerror,73.114516,31.440371
policeTerror,100.357249,21.180321
policeTerror,35.230424,31.781722
policeTerror,35.257722,31.763582
policeTerror,42.4713,37.2487
policeTerror,123.869033,13.736638
policeTerror,68.699873,27.848963
policeTerror,41.720381,37.546184
policeTerror,93.967437,24.780654
policeTerror,44.514582,33.203366
policeTerror,33.803276,31.132093
policeTerror,66.046353,35.670747
policeTerror,101.09736,6.72866
policeTerror,69.287662,35.812976
policeTerror,68.919665,35.766255
policeTerror,62.136421,33.307049
policeTerror,72.190481,34.144612
policeTerror,84.185712,24.128611
policeTerror,84.185712,24.128611
policeTerror,84.185712,24.128611
policeTerror,84.185712,24.128611
policeTerror,67.009939,24.861462
policeTerror,66.99785,30.189351
policeTerror,62.365803,26.101453
policeTerror,65.942016,29.394051
policeTerror,73.029429,33.623444
policeTerror,29.377297,-3.409668
policeTerror,29.368555,-3.370432
policeTerror,29.120049,-2.888674
policeTerror,19.570041,30.410099
policeTerror,29.358427,-3.369197
policeTerror,29.391811,-3.344792
policeTerror,29.391811,-3.344792
policeTerror,60.750488,26.223519
policeTerror,69.156859,36.998709
policeTerror,50.041746,26.475115
policeTerror,63.848269,31.597309
policeTerror,68.766095,36.33401
policeTerror,74.585796,42.872324
policeTerror,20.216403,30.749268
policeTerror,123.665146,13.029954
policeTerror,74.9238,34.00601
policeTerror,69.5825,37.339167
policeTerror,71.762652,34.18769
policeTerror,35.257722,31.763582
policeTerror,44.404024,33.181047
policeTerror,74.097227,35.425924
policeTerror,64.147854,34.925208
policeTerror,43.258941,16.90866
policeTerror,21.954447,32.782859
policeTerror,63.781529,30.551261
policeTerror,34.15058,31.211512
policeTerror,44.434709,33.223454
policeTerror,43.808691,34.923742
policeTerror,67.016672,24.853185
policeTerror,39.31389,37.739927
policeTerror,70.018339,32.172622
policeTerror,44.934512,33.97869
policeTerror,44.972015,12.849057
policeTerror,10.184214,36.811427
policeTerror,68.780831,33.17745
policeTerror,18.145105,44.443722
policeTerror,35.258796,36.967401
policeTerror,64.906502,34.096426
policeTerror,41.213997,37.069644
policeTerror,66.96863,30.135364
policeTerror,65.57078,31.78953
policeTerror,20.216403,30.749268
policeTerror,101.557198,6.371686
policeTerror,101.502075,6.384576
policeTerror,-6.003815,54.577977
policeTerror,68.86801,36.729312
policeTerror,68.95694,34.591139
policeTerror,35.249829,32.117973
policeTerror,69.287895,35.802706
policeTerror,35.098051,33.008536
policeTerror,64.113141,31.514698
policeTerror,71.433219,33.583401
policeTerror,40.166355,37.918017
policeTerror,69.916965,33.334538
policeTerror,31.287139,29.905309
policeTerror,44.620763,34.880964
policeTerror,81.659273,18.391134
policeTerror,35.230424,31.781722
policeTerror,29.452754,0.499012
policeTerror,43.150917,16.770578
policeTerror,42.863788,19.096906
policeTerror,69.166681,34.534013
policeTerror,42.491834,37.418748
policeTerror,42.491834,37.418748
policeTerror,72.516046,34.068703
policeTerror,75.517269,32.38648
policeTerror,73.087837,33.632269
policeTerror,42.707611,17.475135
policeTerror,70.653005,34.304498
policeTerror,20.21579,30.750399
policeTerror,29.379641,-3.375755
policeTerror,-73.208998,8.401599
policeTerror,40.388604,38.059761
policeTerror,-5.899529,54.592455
policeTerror,65.362799,36.00218
policeTerror,44.262218,33.537289
policeTerror,44.411087,33.387461
policeTerror,70.657041,34.589651
policeTerror,35.230424,31.781722
policeTerror,68.592313,36.060802
policeTerror,85.56121,26.962714
policeTerror,29.366784,-3.382229
policeTerror,44.633427,33.749983
policeTerror,40.388604,38.059761
policeTerror,45.300322,2.05812
policeTerror,70.734861,34.265077
policeTerror,33.803276,31.132093
policeTerror,44.065695,33.292174
policeTerror,35.205875,31.79148
policeTerror,69.019532,33.999938
policeTerror,109.747881,39.564696
policeTerror,74.737884,34.464378
policeTerror,65.702953,31.613176
policeTerror,121.044793,14.756882
policeTerror,76.33333,11.116589
policeTerror,65.174067,32.078291
policeTerror,81.051056,18.015097
policeTerror,41.213997,37.069644
policeTerror,68.263291,32.144297
policeTerror,44.434701,33.223512
policeTerror,29.368588,-3.341116
policeTerror,81.29121,18.498794
policeTerror,40.388604,38.059761
policeTerror,33.803276,31.132093
policeTerror,61.00202,26.9174
policeTerror,-73.145449,8.321626
policeTerror,81.326114,19.452948
policeTerror,31.266833,29.850425
policeTerror,69.918187,33.336783
policeTerror,42.185474,37.332346
policeTerror,101.309074,6.819402
policeTerror,101.542496,6.682308
policeTerror,28.398784,4.577569
policeTerror,42.254766,32.041211
policeTerror,44.065695,33.292174
policeTerror,102.003296,6.247924
policeTerror,45.294693,2.021261
policeTerror,71.58049,34.014975
policeTerror,33.803276,31.132093
policeTerror,43.682977,34.600337
policeTerror,122.781991,11.387
policeTerror,84.52484,23.539264
policeTerror,124.813742,7.833119
policeTerror,41.855116,3.935639
policeTerror,40.928291,2.807006
policeTerror,66.999741,30.584986
policeTerror,41.012807,38.141225
policeTerror,42.185474,37.332346
policeTerror,69.596167,35.003392
policeTerror,69.591305,35.002984
policeTerror,69.591305,35.002984
policeTerror,69.591305,35.002984
policeTerror,69.591305,35.002984
policeTerror,69.591305,35.002984
policeTerror,69.591305,35.002984
policeTerror,69.591305,35.002984
policeTerror,69.591305,35.002984
policeTerror,69.591305,35.002984
policeTerror,80.772251,18.580889
policeTerror,33.803276,31.132093
policeTerror,64.852824,32.070697
policeTerror,40.651182,-2.327377
policeTerror,46.866963,43.20589
policeTerror,67.110682,36.709788
policeTerror,69.917,33.335726
policeTerror,74.792015,34.095361
policeTerror,33.803276,31.132093
policeTerror,10.211802,45.541553
policeTerror,35.207914,31.861597
policeTerror,40.210983,37.924973
policeTerror,76.082805,11.041301
policeTerror,62.204029,34.352865
policeTerror,44.257377,33.205814
policeTerror,64.554996,31.818051
policeTerror,41.213997,37.069644
policeTerror,64.851305,36.268496
policeTerror,74.929646,33.946835
policeTerror,-74.806265,7.605683
policeTerror,69.179382,34.527305
policeTerror,101.513361,6.352878
policeTerror,44.507801,33.323615
policeTerror,71.099167,34.461111
policeTerror,62.174873,34.374514
policeTerror,85.483882,19.988452
policeTerror,33.803276,31.132093
policeTerror,42.491834,37.418748
policeTerror,65.852964,35.986887
policeTerror,40.388604,38.059761
policeTerror,64.852824,32.070697
policeTerror,43.281158,33.435279
policeTerror,75.099971,33.786682
policeTerror,35.233417,31.85008
policeTerror,33.803276,31.132093
policeTerror,62.118583,32.372195
policeTerror,22.637743,32.755613
policeTerror,41.488804,-1.74516
policeTerror,40.438048,-2.388649
policeTerror,69.269755,32.900733
policeTerror,44.434701,33.223512
policeTerror,35.227614,31.776611
policeTerror,64.369278,31.582893
policeTerror,40.958688,3.573799
policeTerror,137.493137,-3.68219
policeTerror,44.915994,33.94857
policeTerror,66.046483,32.850198
policeTerror,66.046483,32.850198
policeTerror,66.046483,32.850198
policeTerror,66.046483,32.850198
policeTerror,66.046483,32.850198
policeTerror,66.046483,32.850198
policeTerror,66.046483,32.850198
policeTerror,66.046483,32.850198
policeTerror,66.046483,32.850198
policeTerror,66.046483,32.850198
policeTerror,13.852064,11.273891
policeTerror,137.783489,-3.798243
policeTerror,64.576747,31.817182
policeTerror,101.779487,5.985195
policeTerror,40.388604,38.059761
policeTerror,40.388604,38.059761
policeTerror,65.475902,32.963605
policeTerror,65.743015,37.52324
policeTerror,31.203757,30.017438
policeTerror,74.813485,34.092981
